al,tl_2012_01001_roads
al,tl_2012_01003_roads
al,tl_2012_01005_roads
al,tl_2012_01007_roads
al,tl_2012_01009_roads
al,tl_2012_01011_roads
al,tl_2012_01013_roads
al,tl_2012_01015_roads
al,tl_2012_01017_roads
al,tl_2012_01019_roads
al,tl_2012_01021_roads
al,tl_2012_01023_roads
al,tl_2012_01025_roads
al,tl_2012_01027_roads
al,tl_2012_01029_roads
al,tl_2012_01031_roads
al,tl_2012_01033_roads
al,tl_2012_01035_roads
al,tl_2012_01037_roads
al,tl_2012_01039_roads
al,tl_2012_01041_roads
al,tl_2012_01043_roads
al,tl_2012_01045_roads
al,tl_2012_01047_roads
al,tl_2012_01049_roads
al,tl_2012_01051_roads
al,tl_2012_01053_roads
al,tl_2012_01055_roads
al,tl_2012_01057_roads
al,tl_2012_01059_roads
al,tl_2012_01061_roads
al,tl_2012_01063_roads
al,tl_2012_01065_roads
al,tl_2012_01067_roads
al,tl_2012_01069_roads
al,tl_2012_01071_roads
al,tl_2012_01073_roads
al,tl_2012_01075_roads
al,tl_2012_01077_roads
al,tl_2012_01079_roads
al,tl_2012_01081_roads
al,tl_2012_01083_roads
al,tl_2012_01085_roads
al,tl_2012_01087_roads
al,tl_2012_01089_roads
al,tl_2012_01091_roads
al,tl_2012_01093_roads
al,tl_2012_01095_roads
al,tl_2012_01097_roads
al,tl_2012_01099_roads
al,tl_2012_01101_roads
al,tl_2012_01103_roads
al,tl_2012_01105_roads
al,tl_2012_01107_roads
al,tl_2012_01109_roads
al,tl_2012_01111_roads
al,tl_2012_01113_roads
al,tl_2012_01115_roads
al,tl_2012_01117_roads
al,tl_2012_01119_roads
al,tl_2012_01121_roads
al,tl_2012_01123_roads
al,tl_2012_01125_roads
al,tl_2012_01127_roads
al,tl_2012_01129_roads
al,tl_2012_01131_roads
al,tl_2012_01133_roads
ak,tl_2012_02013_roads
ak,tl_2012_02016_roads
ak,tl_2012_02020_roads
ak,tl_2012_02050_roads
ak,tl_2012_02060_roads
ak,tl_2012_02068_roads
ak,tl_2012_02070_roads
ak,tl_2012_02090_roads
ak,tl_2012_02100_roads
ak,tl_2012_02105_roads
ak,tl_2012_02110_roads
ak,tl_2012_02122_roads
ak,tl_2012_02130_roads
ak,tl_2012_02150_roads
ak,tl_2012_02164_roads
ak,tl_2012_02170_roads
ak,tl_2012_02180_roads
ak,tl_2012_02185_roads
ak,tl_2012_02188_roads
ak,tl_2012_02195_roads
ak,tl_2012_02198_roads
ak,tl_2012_02220_roads
ak,tl_2012_02230_roads
ak,tl_2012_02240_roads
ak,tl_2012_02261_roads
ak,tl_2012_02270_roads
ak,tl_2012_02275_roads
ak,tl_2012_02282_roads
ak,tl_2012_02290_roads
az,tl_2012_04001_roads
az,tl_2012_04003_roads
az,tl_2012_04005_roads
az,tl_2012_04007_roads
az,tl_2012_04009_roads
az,tl_2012_04011_roads
az,tl_2012_04012_roads
az,tl_2012_04013_roads
az,tl_2012_04015_roads
az,tl_2012_04017_roads
az,tl_2012_04019_roads
az,tl_2012_04021_roads
az,tl_2012_04023_roads
az,tl_2012_04025_roads
az,tl_2012_04027_roads
ar,tl_2012_05001_roads
ar,tl_2012_05003_roads
ar,tl_2012_05005_roads
ar,tl_2012_05007_roads
ar,tl_2012_05009_roads
ar,tl_2012_05011_roads
ar,tl_2012_05013_roads
ar,tl_2012_05015_roads
ar,tl_2012_05017_roads
ar,tl_2012_05019_roads
ar,tl_2012_05021_roads
ar,tl_2012_05023_roads
ar,tl_2012_05025_roads
ar,tl_2012_05027_roads
ar,tl_2012_05029_roads
ar,tl_2012_05031_roads
ar,tl_2012_05033_roads
ar,tl_2012_05035_roads
ar,tl_2012_05037_roads
ar,tl_2012_05039_roads
ar,tl_2012_05041_roads
ar,tl_2012_05043_roads
ar,tl_2012_05045_roads
ar,tl_2012_05047_roads
ar,tl_2012_05049_roads
ar,tl_2012_05051_roads
ar,tl_2012_05053_roads
ar,tl_2012_05055_roads
ar,tl_2012_05057_roads
ar,tl_2012_05059_roads
ar,tl_2012_05061_roads
ar,tl_2012_05063_roads
ar,tl_2012_05065_roads
ar,tl_2012_05067_roads
ar,tl_2012_05069_roads
ar,tl_2012_05071_roads
ar,tl_2012_05073_roads
ar,tl_2012_05075_roads
ar,tl_2012_05077_roads
ar,tl_2012_05079_roads
ar,tl_2012_05081_roads
ar,tl_2012_05083_roads
ar,tl_2012_05085_roads
ar,tl_2012_05087_roads
ar,tl_2012_05089_roads
ar,tl_2012_05091_roads
ar,tl_2012_05093_roads
ar,tl_2012_05095_roads
ar,tl_2012_05097_roads
ar,tl_2012_05099_roads
ar,tl_2012_05101_roads
ar,tl_2012_05103_roads
ar,tl_2012_05105_roads
ar,tl_2012_05107_roads
ar,tl_2012_05109_roads
ar,tl_2012_05111_roads
ar,tl_2012_05113_roads
ar,tl_2012_05115_roads
ar,tl_2012_05117_roads
ar,tl_2012_05119_roads
ar,tl_2012_05121_roads
ar,tl_2012_05123_roads
ar,tl_2012_05125_roads
ar,tl_2012_05127_roads
ar,tl_2012_05129_roads
ar,tl_2012_05131_roads
ar,tl_2012_05133_roads
ar,tl_2012_05135_roads
ar,tl_2012_05137_roads
ar,tl_2012_05139_roads
ar,tl_2012_05141_roads
ar,tl_2012_05143_roads
ar,tl_2012_05145_roads
ar,tl_2012_05147_roads
ar,tl_2012_05149_roads
ca,tl_2012_06001_roads
ca,tl_2012_06003_roads
ca,tl_2012_06005_roads
ca,tl_2012_06007_roads
ca,tl_2012_06009_roads
ca,tl_2012_06011_roads
ca,tl_2012_06013_roads
ca,tl_2012_06015_roads
ca,tl_2012_06017_roads
ca,tl_2012_06019_roads
ca,tl_2012_06021_roads
ca,tl_2012_06023_roads
ca,tl_2012_06025_roads
ca,tl_2012_06027_roads
ca,tl_2012_06029_roads
ca,tl_2012_06031_roads
ca,tl_2012_06033_roads
ca,tl_2012_06035_roads
ca,tl_2012_06037_roads
ca,tl_2012_06039_roads
ca,tl_2012_06041_roads
ca,tl_2012_06043_roads
ca,tl_2012_06045_roads
ca,tl_2012_06047_roads
ca,tl_2012_06049_roads
ca,tl_2012_06051_roads
ca,tl_2012_06053_roads
ca,tl_2012_06055_roads
ca,tl_2012_06057_roads
ca,tl_2012_06059_roads
ca,tl_2012_06061_roads
ca,tl_2012_06063_roads
ca,tl_2012_06065_roads
ca,tl_2012_06067_roads
ca,tl_2012_06069_roads
ca,tl_2012_06071_roads
ca,tl_2012_06073_roads
ca,tl_2012_06075_roads
ca,tl_2012_06077_roads
ca,tl_2012_06079_roads
ca,tl_2012_06081_roads
ca,tl_2012_06083_roads
ca,tl_2012_06085_roads
ca,tl_2012_06087_roads
ca,tl_2012_06089_roads
ca,tl_2012_06091_roads
ca,tl_2012_06093_roads
ca,tl_2012_06095_roads
ca,tl_2012_06097_roads
ca,tl_2012_06099_roads
ca,tl_2012_06101_roads
ca,tl_2012_06103_roads
ca,tl_2012_06105_roads
ca,tl_2012_06107_roads
ca,tl_2012_06109_roads
ca,tl_2012_06111_roads
ca,tl_2012_06113_roads
ca,tl_2012_06115_roads
co,tl_2012_08001_roads
co,tl_2012_08003_roads
co,tl_2012_08005_roads
co,tl_2012_08007_roads
co,tl_2012_08009_roads
co,tl_2012_08011_roads
co,tl_2012_08013_roads
co,tl_2012_08014_roads
co,tl_2012_08015_roads
co,tl_2012_08017_roads
co,tl_2012_08019_roads
co,tl_2012_08021_roads
co,tl_2012_08023_roads
co,tl_2012_08025_roads
co,tl_2012_08027_roads
co,tl_2012_08029_roads
co,tl_2012_08031_roads
co,tl_2012_08033_roads
co,tl_2012_08035_roads
co,tl_2012_08037_roads
co,tl_2012_08039_roads
co,tl_2012_08041_roads
co,tl_2012_08043_roads
co,tl_2012_08045_roads
co,tl_2012_08047_roads
co,tl_2012_08049_roads
co,tl_2012_08051_roads
co,tl_2012_08053_roads
co,tl_2012_08055_roads
co,tl_2012_08057_roads
co,tl_2012_08059_roads
co,tl_2012_08061_roads
co,tl_2012_08063_roads
co,tl_2012_08065_roads
co,tl_2012_08067_roads
co,tl_2012_08069_roads
co,tl_2012_08071_roads
co,tl_2012_08073_roads
co,tl_2012_08075_roads
co,tl_2012_08077_roads
co,tl_2012_08079_roads
co,tl_2012_08081_roads
co,tl_2012_08083_roads
co,tl_2012_08085_roads
co,tl_2012_08087_roads
co,tl_2012_08089_roads
co,tl_2012_08091_roads
co,tl_2012_08093_roads
co,tl_2012_08095_roads
co,tl_2012_08097_roads
co,tl_2012_08099_roads
co,tl_2012_08101_roads
co,tl_2012_08103_roads
co,tl_2012_08105_roads
co,tl_2012_08107_roads
co,tl_2012_08109_roads
co,tl_2012_08111_roads
co,tl_2012_08113_roads
co,tl_2012_08115_roads
co,tl_2012_08117_roads
co,tl_2012_08119_roads
co,tl_2012_08121_roads
co,tl_2012_08123_roads
co,tl_2012_08125_roads
ct,tl_2012_09001_roads
ct,tl_2012_09003_roads
ct,tl_2012_09005_roads
ct,tl_2012_09007_roads
ct,tl_2012_09009_roads
ct,tl_2012_09011_roads
ct,tl_2012_09013_roads
ct,tl_2012_09015_roads
de,tl_2012_10001_roads
de,tl_2012_10003_roads
de,tl_2012_10005_roads
dc,tl_2012_11001_roads
fl,tl_2012_12001_roads
fl,tl_2012_12003_roads
fl,tl_2012_12005_roads
fl,tl_2012_12007_roads
fl,tl_2012_12009_roads
fl,tl_2012_12011_roads
fl,tl_2012_12013_roads
fl,tl_2012_12015_roads
fl,tl_2012_12017_roads
fl,tl_2012_12019_roads
fl,tl_2012_12021_roads
fl,tl_2012_12023_roads
fl,tl_2012_12027_roads
fl,tl_2012_12029_roads
fl,tl_2012_12031_roads
fl,tl_2012_12033_roads
fl,tl_2012_12035_roads
fl,tl_2012_12037_roads
fl,tl_2012_12039_roads
fl,tl_2012_12041_roads
fl,tl_2012_12043_roads
fl,tl_2012_12045_roads
fl,tl_2012_12047_roads
fl,tl_2012_12049_roads
fl,tl_2012_12051_roads
fl,tl_2012_12053_roads
fl,tl_2012_12055_roads
fl,tl_2012_12057_roads
fl,tl_2012_12059_roads
fl,tl_2012_12061_roads
fl,tl_2012_12063_roads
fl,tl_2012_12065_roads
fl,tl_2012_12067_roads
fl,tl_2012_12069_roads
fl,tl_2012_12071_roads
fl,tl_2012_12073_roads
fl,tl_2012_12075_roads
fl,tl_2012_12077_roads
fl,tl_2012_12079_roads
fl,tl_2012_12081_roads
fl,tl_2012_12083_roads
fl,tl_2012_12085_roads
fl,tl_2012_12086_roads
fl,tl_2012_12087_roads
fl,tl_2012_12089_roads
fl,tl_2012_12091_roads
fl,tl_2012_12093_roads
fl,tl_2012_12095_roads
fl,tl_2012_12097_roads
fl,tl_2012_12099_roads
fl,tl_2012_12101_roads
fl,tl_2012_12103_roads
fl,tl_2012_12105_roads
fl,tl_2012_12107_roads
fl,tl_2012_12109_roads
fl,tl_2012_12111_roads
fl,tl_2012_12113_roads
fl,tl_2012_12115_roads
fl,tl_2012_12117_roads
fl,tl_2012_12119_roads
fl,tl_2012_12121_roads
fl,tl_2012_12123_roads
fl,tl_2012_12125_roads
fl,tl_2012_12127_roads
fl,tl_2012_12129_roads
fl,tl_2012_12131_roads
fl,tl_2012_12133_roads
ga,tl_2012_13001_roads
ga,tl_2012_13003_roads
ga,tl_2012_13005_roads
ga,tl_2012_13007_roads
ga,tl_2012_13009_roads
ga,tl_2012_13011_roads
ga,tl_2012_13013_roads
ga,tl_2012_13015_roads
ga,tl_2012_13017_roads
ga,tl_2012_13019_roads
ga,tl_2012_13021_roads
ga,tl_2012_13023_roads
ga,tl_2012_13025_roads
ga,tl_2012_13027_roads
ga,tl_2012_13029_roads
ga,tl_2012_13031_roads
ga,tl_2012_13033_roads
ga,tl_2012_13035_roads
ga,tl_2012_13037_roads
ga,tl_2012_13039_roads
ga,tl_2012_13043_roads
ga,tl_2012_13045_roads
ga,tl_2012_13047_roads
ga,tl_2012_13049_roads
ga,tl_2012_13051_roads
ga,tl_2012_13053_roads
ga,tl_2012_13055_roads
ga,tl_2012_13057_roads
ga,tl_2012_13059_roads
ga,tl_2012_13061_roads
ga,tl_2012_13063_roads
ga,tl_2012_13065_roads
ga,tl_2012_13067_roads
ga,tl_2012_13069_roads
ga,tl_2012_13071_roads
ga,tl_2012_13073_roads
ga,tl_2012_13075_roads
ga,tl_2012_13077_roads
ga,tl_2012_13079_roads
ga,tl_2012_13081_roads
ga,tl_2012_13083_roads
ga,tl_2012_13085_roads
ga,tl_2012_13087_roads
ga,tl_2012_13089_roads
ga,tl_2012_13091_roads
ga,tl_2012_13093_roads
ga,tl_2012_13095_roads
ga,tl_2012_13097_roads
ga,tl_2012_13099_roads
ga,tl_2012_13101_roads
ga,tl_2012_13103_roads
ga,tl_2012_13105_roads
ga,tl_2012_13107_roads
ga,tl_2012_13109_roads
ga,tl_2012_13111_roads
ga,tl_2012_13113_roads
ga,tl_2012_13115_roads
ga,tl_2012_13117_roads
ga,tl_2012_13119_roads
ga,tl_2012_13121_roads
ga,tl_2012_13123_roads
ga,tl_2012_13125_roads
ga,tl_2012_13127_roads
ga,tl_2012_13129_roads
ga,tl_2012_13131_roads
ga,tl_2012_13133_roads
ga,tl_2012_13135_roads
ga,tl_2012_13137_roads
ga,tl_2012_13139_roads
ga,tl_2012_13141_roads
ga,tl_2012_13143_roads
ga,tl_2012_13145_roads
ga,tl_2012_13147_roads
ga,tl_2012_13149_roads
ga,tl_2012_13151_roads
ga,tl_2012_13153_roads
ga,tl_2012_13155_roads
ga,tl_2012_13157_roads
ga,tl_2012_13159_roads
ga,tl_2012_13161_roads
ga,tl_2012_13163_roads
ga,tl_2012_13165_roads
ga,tl_2012_13167_roads
ga,tl_2012_13169_roads
ga,tl_2012_13171_roads
ga,tl_2012_13173_roads
ga,tl_2012_13175_roads
ga,tl_2012_13177_roads
ga,tl_2012_13179_roads
ga,tl_2012_13181_roads
ga,tl_2012_13183_roads
ga,tl_2012_13185_roads
ga,tl_2012_13187_roads
ga,tl_2012_13189_roads
ga,tl_2012_13191_roads
ga,tl_2012_13193_roads
ga,tl_2012_13195_roads
ga,tl_2012_13197_roads
ga,tl_2012_13199_roads
ga,tl_2012_13201_roads
ga,tl_2012_13205_roads
ga,tl_2012_13207_roads
ga,tl_2012_13209_roads
ga,tl_2012_13211_roads
ga,tl_2012_13213_roads
ga,tl_2012_13215_roads
ga,tl_2012_13217_roads
ga,tl_2012_13219_roads
ga,tl_2012_13221_roads
ga,tl_2012_13223_roads
ga,tl_2012_13225_roads
ga,tl_2012_13227_roads
ga,tl_2012_13229_roads
ga,tl_2012_13231_roads
ga,tl_2012_13233_roads
ga,tl_2012_13235_roads
ga,tl_2012_13237_roads
ga,tl_2012_13239_roads
ga,tl_2012_13241_roads
ga,tl_2012_13243_roads
ga,tl_2012_13245_roads
ga,tl_2012_13247_roads
ga,tl_2012_13249_roads
ga,tl_2012_13251_roads
ga,tl_2012_13253_roads
ga,tl_2012_13255_roads
ga,tl_2012_13257_roads
ga,tl_2012_13259_roads
ga,tl_2012_13261_roads
ga,tl_2012_13263_roads
ga,tl_2012_13265_roads
ga,tl_2012_13267_roads
ga,tl_2012_13269_roads
ga,tl_2012_13271_roads
ga,tl_2012_13273_roads
ga,tl_2012_13275_roads
ga,tl_2012_13277_roads
ga,tl_2012_13279_roads
ga,tl_2012_13281_roads
ga,tl_2012_13283_roads
ga,tl_2012_13285_roads
ga,tl_2012_13287_roads
ga,tl_2012_13289_roads
ga,tl_2012_13291_roads
ga,tl_2012_13293_roads
ga,tl_2012_13295_roads
ga,tl_2012_13297_roads
ga,tl_2012_13299_roads
ga,tl_2012_13301_roads
ga,tl_2012_13303_roads
ga,tl_2012_13305_roads
ga,tl_2012_13307_roads
ga,tl_2012_13309_roads
ga,tl_2012_13311_roads
ga,tl_2012_13313_roads
ga,tl_2012_13315_roads
ga,tl_2012_13317_roads
ga,tl_2012_13319_roads
ga,tl_2012_13321_roads
hi,tl_2012_15001_roads
hi,tl_2012_15003_roads
hi,tl_2012_15005_roads
hi,tl_2012_15007_roads
hi,tl_2012_15009_roads
id,tl_2012_16001_roads
id,tl_2012_16003_roads
id,tl_2012_16005_roads
id,tl_2012_16007_roads
id,tl_2012_16009_roads
id,tl_2012_16011_roads
id,tl_2012_16013_roads
id,tl_2012_16015_roads
id,tl_2012_16017_roads
id,tl_2012_16019_roads
id,tl_2012_16021_roads
id,tl_2012_16023_roads
id,tl_2012_16025_roads
id,tl_2012_16027_roads
id,tl_2012_16029_roads
id,tl_2012_16031_roads
id,tl_2012_16033_roads
id,tl_2012_16035_roads
id,tl_2012_16037_roads
id,tl_2012_16039_roads
id,tl_2012_16041_roads
id,tl_2012_16043_roads
id,tl_2012_16045_roads
id,tl_2012_16047_roads
id,tl_2012_16049_roads
id,tl_2012_16051_roads
id,tl_2012_16053_roads
id,tl_2012_16055_roads
id,tl_2012_16057_roads
id,tl_2012_16059_roads
id,tl_2012_16061_roads
id,tl_2012_16063_roads
id,tl_2012_16065_roads
id,tl_2012_16067_roads
id,tl_2012_16069_roads
id,tl_2012_16071_roads
id,tl_2012_16073_roads
id,tl_2012_16075_roads
id,tl_2012_16077_roads
id,tl_2012_16079_roads
id,tl_2012_16081_roads
id,tl_2012_16083_roads
id,tl_2012_16085_roads
id,tl_2012_16087_roads
il,tl_2012_17001_roads
il,tl_2012_17003_roads
il,tl_2012_17005_roads
il,tl_2012_17007_roads
il,tl_2012_17009_roads
il,tl_2012_17011_roads
il,tl_2012_17013_roads
il,tl_2012_17015_roads
il,tl_2012_17017_roads
il,tl_2012_17019_roads
il,tl_2012_17021_roads
il,tl_2012_17023_roads
il,tl_2012_17025_roads
il,tl_2012_17027_roads
il,tl_2012_17029_roads
il,tl_2012_17031_roads
il,tl_2012_17033_roads
il,tl_2012_17035_roads
il,tl_2012_17037_roads
il,tl_2012_17039_roads
il,tl_2012_17041_roads
il,tl_2012_17043_roads
il,tl_2012_17045_roads
il,tl_2012_17047_roads
il,tl_2012_17049_roads
il,tl_2012_17051_roads
il,tl_2012_17053_roads
il,tl_2012_17055_roads
il,tl_2012_17057_roads
il,tl_2012_17059_roads
il,tl_2012_17061_roads
il,tl_2012_17063_roads
il,tl_2012_17065_roads
il,tl_2012_17067_roads
il,tl_2012_17069_roads
il,tl_2012_17071_roads
il,tl_2012_17073_roads
il,tl_2012_17075_roads
il,tl_2012_17077_roads
il,tl_2012_17079_roads
il,tl_2012_17081_roads
il,tl_2012_17083_roads
il,tl_2012_17085_roads
il,tl_2012_17087_roads
il,tl_2012_17089_roads
il,tl_2012_17091_roads
il,tl_2012_17093_roads
il,tl_2012_17095_roads
il,tl_2012_17097_roads
il,tl_2012_17099_roads
il,tl_2012_17101_roads
il,tl_2012_17103_roads
il,tl_2012_17105_roads
il,tl_2012_17107_roads
il,tl_2012_17109_roads
il,tl_2012_17111_roads
il,tl_2012_17113_roads
il,tl_2012_17115_roads
il,tl_2012_17117_roads
il,tl_2012_17119_roads
il,tl_2012_17121_roads
il,tl_2012_17123_roads
il,tl_2012_17125_roads
il,tl_2012_17127_roads
il,tl_2012_17129_roads
il,tl_2012_17131_roads
il,tl_2012_17133_roads
il,tl_2012_17135_roads
il,tl_2012_17137_roads
il,tl_2012_17139_roads
il,tl_2012_17141_roads
il,tl_2012_17143_roads
il,tl_2012_17145_roads
il,tl_2012_17147_roads
il,tl_2012_17149_roads
il,tl_2012_17151_roads
il,tl_2012_17153_roads
il,tl_2012_17155_roads
il,tl_2012_17157_roads
il,tl_2012_17159_roads
il,tl_2012_17161_roads
il,tl_2012_17163_roads
il,tl_2012_17165_roads
il,tl_2012_17167_roads
il,tl_2012_17169_roads
il,tl_2012_17171_roads
il,tl_2012_17173_roads
il,tl_2012_17175_roads
il,tl_2012_17177_roads
il,tl_2012_17179_roads
il,tl_2012_17181_roads
il,tl_2012_17183_roads
il,tl_2012_17185_roads
il,tl_2012_17187_roads
il,tl_2012_17189_roads
il,tl_2012_17191_roads
il,tl_2012_17193_roads
il,tl_2012_17195_roads
il,tl_2012_17197_roads
il,tl_2012_17199_roads
il,tl_2012_17201_roads
il,tl_2012_17203_roads
in,tl_2012_18001_roads
in,tl_2012_18003_roads
in,tl_2012_18005_roads
in,tl_2012_18007_roads
in,tl_2012_18009_roads
in,tl_2012_18011_roads
in,tl_2012_18013_roads
in,tl_2012_18015_roads
in,tl_2012_18017_roads
in,tl_2012_18019_roads
in,tl_2012_18021_roads
in,tl_2012_18023_roads
in,tl_2012_18025_roads
in,tl_2012_18027_roads
in,tl_2012_18029_roads
in,tl_2012_18031_roads
in,tl_2012_18033_roads
in,tl_2012_18035_roads
in,tl_2012_18037_roads
in,tl_2012_18039_roads
in,tl_2012_18041_roads
in,tl_2012_18043_roads
in,tl_2012_18045_roads
in,tl_2012_18047_roads
in,tl_2012_18049_roads
in,tl_2012_18051_roads
in,tl_2012_18053_roads
in,tl_2012_18055_roads
in,tl_2012_18057_roads
in,tl_2012_18059_roads
in,tl_2012_18061_roads
in,tl_2012_18063_roads
in,tl_2012_18065_roads
in,tl_2012_18067_roads
in,tl_2012_18069_roads
in,tl_2012_18071_roads
in,tl_2012_18073_roads
in,tl_2012_18075_roads
in,tl_2012_18077_roads
in,tl_2012_18079_roads
in,tl_2012_18081_roads
in,tl_2012_18083_roads
in,tl_2012_18085_roads
in,tl_2012_18087_roads
in,tl_2012_18089_roads
in,tl_2012_18091_roads
in,tl_2012_18093_roads
in,tl_2012_18095_roads
in,tl_2012_18097_roads
in,tl_2012_18099_roads
in,tl_2012_18101_roads
in,tl_2012_18103_roads
in,tl_2012_18105_roads
in,tl_2012_18107_roads
in,tl_2012_18109_roads
in,tl_2012_18111_roads
in,tl_2012_18113_roads
in,tl_2012_18115_roads
in,tl_2012_18117_roads
in,tl_2012_18119_roads
in,tl_2012_18121_roads
in,tl_2012_18123_roads
in,tl_2012_18125_roads
in,tl_2012_18127_roads
in,tl_2012_18129_roads
in,tl_2012_18131_roads
in,tl_2012_18133_roads
in,tl_2012_18135_roads
in,tl_2012_18137_roads
in,tl_2012_18139_roads
in,tl_2012_18141_roads
in,tl_2012_18143_roads
in,tl_2012_18145_roads
in,tl_2012_18147_roads
in,tl_2012_18149_roads
in,tl_2012_18151_roads
in,tl_2012_18153_roads
in,tl_2012_18155_roads
in,tl_2012_18157_roads
in,tl_2012_18159_roads
in,tl_2012_18161_roads
in,tl_2012_18163_roads
in,tl_2012_18165_roads
in,tl_2012_18167_roads
in,tl_2012_18169_roads
in,tl_2012_18171_roads
in,tl_2012_18173_roads
in,tl_2012_18175_roads
in,tl_2012_18177_roads
in,tl_2012_18179_roads
in,tl_2012_18181_roads
in,tl_2012_18183_roads
ia,tl_2012_19001_roads
ia,tl_2012_19003_roads
ia,tl_2012_19005_roads
ia,tl_2012_19007_roads
ia,tl_2012_19009_roads
ia,tl_2012_19011_roads
ia,tl_2012_19013_roads
ia,tl_2012_19015_roads
ia,tl_2012_19017_roads
ia,tl_2012_19019_roads
ia,tl_2012_19021_roads
ia,tl_2012_19023_roads
ia,tl_2012_19025_roads
ia,tl_2012_19027_roads
ia,tl_2012_19029_roads
ia,tl_2012_19031_roads
ia,tl_2012_19033_roads
ia,tl_2012_19035_roads
ia,tl_2012_19037_roads
ia,tl_2012_19039_roads
ia,tl_2012_19041_roads
ia,tl_2012_19043_roads
ia,tl_2012_19045_roads
ia,tl_2012_19047_roads
ia,tl_2012_19049_roads
ia,tl_2012_19051_roads
ia,tl_2012_19053_roads
ia,tl_2012_19055_roads
ia,tl_2012_19057_roads
ia,tl_2012_19059_roads
ia,tl_2012_19061_roads
ia,tl_2012_19063_roads
ia,tl_2012_19065_roads
ia,tl_2012_19067_roads
ia,tl_2012_19069_roads
ia,tl_2012_19071_roads
ia,tl_2012_19073_roads
ia,tl_2012_19075_roads
ia,tl_2012_19077_roads
ia,tl_2012_19079_roads
ia,tl_2012_19081_roads
ia,tl_2012_19083_roads
ia,tl_2012_19085_roads
ia,tl_2012_19087_roads
ia,tl_2012_19089_roads
ia,tl_2012_19091_roads
ia,tl_2012_19093_roads
ia,tl_2012_19095_roads
ia,tl_2012_19097_roads
ia,tl_2012_19099_roads
ia,tl_2012_19101_roads
ia,tl_2012_19103_roads
ia,tl_2012_19105_roads
ia,tl_2012_19107_roads
ia,tl_2012_19109_roads
ia,tl_2012_19111_roads
ia,tl_2012_19113_roads
ia,tl_2012_19115_roads
ia,tl_2012_19117_roads
ia,tl_2012_19119_roads
ia,tl_2012_19121_roads
ia,tl_2012_19123_roads
ia,tl_2012_19125_roads
ia,tl_2012_19127_roads
ia,tl_2012_19129_roads
ia,tl_2012_19131_roads
ia,tl_2012_19133_roads
ia,tl_2012_19135_roads
ia,tl_2012_19137_roads
ia,tl_2012_19139_roads
ia,tl_2012_19141_roads
ia,tl_2012_19143_roads
ia,tl_2012_19145_roads
ia,tl_2012_19147_roads
ia,tl_2012_19149_roads
ia,tl_2012_19151_roads
ia,tl_2012_19153_roads
ia,tl_2012_19155_roads
ia,tl_2012_19157_roads
ia,tl_2012_19159_roads
ia,tl_2012_19161_roads
ia,tl_2012_19163_roads
ia,tl_2012_19165_roads
ia,tl_2012_19167_roads
ia,tl_2012_19169_roads
ia,tl_2012_19171_roads
ia,tl_2012_19173_roads
ia,tl_2012_19175_roads
ia,tl_2012_19177_roads
ia,tl_2012_19179_roads
ia,tl_2012_19181_roads
ia,tl_2012_19183_roads
ia,tl_2012_19185_roads
ia,tl_2012_19187_roads
ia,tl_2012_19189_roads
ia,tl_2012_19191_roads
ia,tl_2012_19193_roads
ia,tl_2012_19195_roads
ia,tl_2012_19197_roads
ks,tl_2012_20001_roads
ks,tl_2012_20003_roads
ks,tl_2012_20005_roads
ks,tl_2012_20007_roads
ks,tl_2012_20009_roads
ks,tl_2012_20011_roads
ks,tl_2012_20013_roads
ks,tl_2012_20015_roads
ks,tl_2012_20017_roads
ks,tl_2012_20019_roads
ks,tl_2012_20021_roads
ks,tl_2012_20023_roads
ks,tl_2012_20025_roads
ks,tl_2012_20027_roads
ks,tl_2012_20029_roads
ks,tl_2012_20031_roads
ks,tl_2012_20033_roads
ks,tl_2012_20035_roads
ks,tl_2012_20037_roads
ks,tl_2012_20039_roads
ks,tl_2012_20041_roads
ks,tl_2012_20043_roads
ks,tl_2012_20045_roads
ks,tl_2012_20047_roads
ks,tl_2012_20049_roads
ks,tl_2012_20051_roads
ks,tl_2012_20053_roads
ks,tl_2012_20055_roads
ks,tl_2012_20057_roads
ks,tl_2012_20059_roads
ks,tl_2012_20061_roads
ks,tl_2012_20063_roads
ks,tl_2012_20065_roads
ks,tl_2012_20067_roads
ks,tl_2012_20069_roads
ks,tl_2012_20071_roads
ks,tl_2012_20073_roads
ks,tl_2012_20075_roads
ks,tl_2012_20077_roads
ks,tl_2012_20079_roads
ks,tl_2012_20081_roads
ks,tl_2012_20083_roads
ks,tl_2012_20085_roads
ks,tl_2012_20087_roads
ks,tl_2012_20089_roads
ks,tl_2012_20091_roads
ks,tl_2012_20093_roads
ks,tl_2012_20095_roads
ks,tl_2012_20097_roads
ks,tl_2012_20099_roads
ks,tl_2012_20101_roads
ks,tl_2012_20103_roads
ks,tl_2012_20105_roads
ks,tl_2012_20107_roads
ks,tl_2012_20109_roads
ks,tl_2012_20111_roads
ks,tl_2012_20113_roads
ks,tl_2012_20115_roads
ks,tl_2012_20117_roads
ks,tl_2012_20119_roads
ks,tl_2012_20121_roads
ks,tl_2012_20123_roads
ks,tl_2012_20125_roads
ks,tl_2012_20127_roads
ks,tl_2012_20129_roads
ks,tl_2012_20131_roads
ks,tl_2012_20133_roads
ks,tl_2012_20135_roads
ks,tl_2012_20137_roads
ks,tl_2012_20139_roads
ks,tl_2012_20141_roads
ks,tl_2012_20143_roads
ks,tl_2012_20145_roads
ks,tl_2012_20147_roads
ks,tl_2012_20149_roads
ks,tl_2012_20151_roads
ks,tl_2012_20153_roads
ks,tl_2012_20155_roads
ks,tl_2012_20157_roads
ks,tl_2012_20159_roads
ks,tl_2012_20161_roads
ks,tl_2012_20163_roads
ks,tl_2012_20165_roads
ks,tl_2012_20167_roads
ks,tl_2012_20169_roads
ks,tl_2012_20171_roads
ks,tl_2012_20173_roads
ks,tl_2012_20175_roads
ks,tl_2012_20177_roads
ks,tl_2012_20179_roads
ks,tl_2012_20181_roads
ks,tl_2012_20183_roads
ks,tl_2012_20185_roads
ks,tl_2012_20187_roads
ks,tl_2012_20189_roads
ks,tl_2012_20191_roads
ks,tl_2012_20193_roads
ks,tl_2012_20195_roads
ks,tl_2012_20197_roads
ks,tl_2012_20199_roads
ks,tl_2012_20201_roads
ks,tl_2012_20203_roads
ks,tl_2012_20205_roads
ks,tl_2012_20207_roads
ks,tl_2012_20209_roads
ky,tl_2012_21001_roads
ky,tl_2012_21003_roads
ky,tl_2012_21005_roads
ky,tl_2012_21007_roads
ky,tl_2012_21009_roads
ky,tl_2012_21011_roads
ky,tl_2012_21013_roads
ky,tl_2012_21015_roads
ky,tl_2012_21017_roads
ky,tl_2012_21019_roads
ky,tl_2012_21021_roads
ky,tl_2012_21023_roads
ky,tl_2012_21025_roads
ky,tl_2012_21027_roads
ky,tl_2012_21029_roads
ky,tl_2012_21031_roads
ky,tl_2012_21033_roads
ky,tl_2012_21035_roads
ky,tl_2012_21037_roads
ky,tl_2012_21039_roads
ky,tl_2012_21041_roads
ky,tl_2012_21043_roads
ky,tl_2012_21045_roads
ky,tl_2012_21047_roads
ky,tl_2012_21049_roads
ky,tl_2012_21051_roads
ky,tl_2012_21053_roads
ky,tl_2012_21055_roads
ky,tl_2012_21057_roads
ky,tl_2012_21059_roads
ky,tl_2012_21061_roads
ky,tl_2012_21063_roads
ky,tl_2012_21065_roads
ky,tl_2012_21067_roads
ky,tl_2012_21069_roads
ky,tl_2012_21071_roads
ky,tl_2012_21073_roads
ky,tl_2012_21075_roads
ky,tl_2012_21077_roads
ky,tl_2012_21079_roads
ky,tl_2012_21081_roads
ky,tl_2012_21083_roads
ky,tl_2012_21085_roads
ky,tl_2012_21087_roads
ky,tl_2012_21089_roads
ky,tl_2012_21091_roads
ky,tl_2012_21093_roads
ky,tl_2012_21095_roads
ky,tl_2012_21097_roads
ky,tl_2012_21099_roads
ky,tl_2012_21101_roads
ky,tl_2012_21103_roads
ky,tl_2012_21105_roads
ky,tl_2012_21107_roads
ky,tl_2012_21109_roads
ky,tl_2012_21111_roads
ky,tl_2012_21113_roads
ky,tl_2012_21115_roads
ky,tl_2012_21117_roads
ky,tl_2012_21119_roads
ky,tl_2012_21121_roads
ky,tl_2012_21123_roads
ky,tl_2012_21125_roads
ky,tl_2012_21127_roads
ky,tl_2012_21129_roads
ky,tl_2012_21131_roads
ky,tl_2012_21133_roads
ky,tl_2012_21135_roads
ky,tl_2012_21137_roads
ky,tl_2012_21139_roads
ky,tl_2012_21141_roads
ky,tl_2012_21143_roads
ky,tl_2012_21145_roads
ky,tl_2012_21147_roads
ky,tl_2012_21149_roads
ky,tl_2012_21151_roads
ky,tl_2012_21153_roads
ky,tl_2012_21155_roads
ky,tl_2012_21157_roads
ky,tl_2012_21159_roads
ky,tl_2012_21161_roads
ky,tl_2012_21163_roads
ky,tl_2012_21165_roads
ky,tl_2012_21167_roads
ky,tl_2012_21169_roads
ky,tl_2012_21171_roads
ky,tl_2012_21173_roads
ky,tl_2012_21175_roads
ky,tl_2012_21177_roads
ky,tl_2012_21179_roads
ky,tl_2012_21181_roads
ky,tl_2012_21183_roads
ky,tl_2012_21185_roads
ky,tl_2012_21187_roads
ky,tl_2012_21189_roads
ky,tl_2012_21191_roads
ky,tl_2012_21193_roads
ky,tl_2012_21195_roads
ky,tl_2012_21197_roads
ky,tl_2012_21199_roads
ky,tl_2012_21201_roads
ky,tl_2012_21203_roads
ky,tl_2012_21205_roads
ky,tl_2012_21207_roads
ky,tl_2012_21209_roads
ky,tl_2012_21211_roads
ky,tl_2012_21213_roads
ky,tl_2012_21215_roads
ky,tl_2012_21217_roads
ky,tl_2012_21219_roads
ky,tl_2012_21221_roads
ky,tl_2012_21223_roads
ky,tl_2012_21225_roads
ky,tl_2012_21227_roads
ky,tl_2012_21229_roads
ky,tl_2012_21231_roads
ky,tl_2012_21233_roads
ky,tl_2012_21235_roads
ky,tl_2012_21237_roads
ky,tl_2012_21239_roads
la,tl_2012_22001_roads
la,tl_2012_22003_roads
la,tl_2012_22005_roads
la,tl_2012_22007_roads
la,tl_2012_22009_roads
la,tl_2012_22011_roads
la,tl_2012_22013_roads
la,tl_2012_22015_roads
la,tl_2012_22017_roads
la,tl_2012_22019_roads
la,tl_2012_22021_roads
la,tl_2012_22023_roads
la,tl_2012_22025_roads
la,tl_2012_22027_roads
la,tl_2012_22029_roads
la,tl_2012_22031_roads
la,tl_2012_22033_roads
la,tl_2012_22035_roads
la,tl_2012_22037_roads
la,tl_2012_22039_roads
la,tl_2012_22041_roads
la,tl_2012_22043_roads
la,tl_2012_22045_roads
la,tl_2012_22047_roads
la,tl_2012_22049_roads
la,tl_2012_22051_roads
la,tl_2012_22053_roads
la,tl_2012_22055_roads
la,tl_2012_22057_roads
la,tl_2012_22059_roads
la,tl_2012_22061_roads
la,tl_2012_22063_roads
la,tl_2012_22065_roads
la,tl_2012_22067_roads
la,tl_2012_22069_roads
la,tl_2012_22071_roads
la,tl_2012_22073_roads
la,tl_2012_22075_roads
la,tl_2012_22077_roads
la,tl_2012_22079_roads
la,tl_2012_22081_roads
la,tl_2012_22083_roads
la,tl_2012_22085_roads
la,tl_2012_22087_roads
la,tl_2012_22089_roads
la,tl_2012_22091_roads
la,tl_2012_22093_roads
la,tl_2012_22095_roads
la,tl_2012_22097_roads
la,tl_2012_22099_roads
la,tl_2012_22101_roads
la,tl_2012_22103_roads
la,tl_2012_22105_roads
la,tl_2012_22107_roads
la,tl_2012_22109_roads
la,tl_2012_22111_roads
la,tl_2012_22113_roads
la,tl_2012_22115_roads
la,tl_2012_22117_roads
la,tl_2012_22119_roads
la,tl_2012_22121_roads
la,tl_2012_22123_roads
la,tl_2012_22125_roads
la,tl_2012_22127_roads
me,tl_2012_23001_roads
me,tl_2012_23003_roads
me,tl_2012_23005_roads
me,tl_2012_23007_roads
me,tl_2012_23009_roads
me,tl_2012_23011_roads
me,tl_2012_23013_roads
me,tl_2012_23015_roads
me,tl_2012_23017_roads
me,tl_2012_23019_roads
me,tl_2012_23021_roads
me,tl_2012_23023_roads
me,tl_2012_23025_roads
me,tl_2012_23027_roads
me,tl_2012_23029_roads
me,tl_2012_23031_roads
md,tl_2012_24001_roads
md,tl_2012_24003_roads
md,tl_2012_24005_roads
md,tl_2012_24009_roads
md,tl_2012_24011_roads
md,tl_2012_24013_roads
md,tl_2012_24015_roads
md,tl_2012_24017_roads
md,tl_2012_24019_roads
md,tl_2012_24021_roads
md,tl_2012_24023_roads
md,tl_2012_24025_roads
md,tl_2012_24027_roads
md,tl_2012_24029_roads
md,tl_2012_24031_roads
md,tl_2012_24033_roads
md,tl_2012_24035_roads
md,tl_2012_24037_roads
md,tl_2012_24039_roads
md,tl_2012_24041_roads
md,tl_2012_24043_roads
md,tl_2012_24045_roads
md,tl_2012_24047_roads
md,tl_2012_24510_roads
ma,tl_2012_25001_roads
ma,tl_2012_25003_roads
ma,tl_2012_25005_roads
ma,tl_2012_25007_roads
ma,tl_2012_25009_roads
ma,tl_2012_25011_roads
ma,tl_2012_25013_roads
ma,tl_2012_25015_roads
ma,tl_2012_25017_roads
ma,tl_2012_25019_roads
ma,tl_2012_25021_roads
ma,tl_2012_25023_roads
ma,tl_2012_25025_roads
ma,tl_2012_25027_roads
mi,tl_2012_26001_roads
mi,tl_2012_26003_roads
mi,tl_2012_26005_roads
mi,tl_2012_26007_roads
mi,tl_2012_26009_roads
mi,tl_2012_26011_roads
mi,tl_2012_26013_roads
mi,tl_2012_26015_roads
mi,tl_2012_26017_roads
mi,tl_2012_26019_roads
mi,tl_2012_26021_roads
mi,tl_2012_26023_roads
mi,tl_2012_26025_roads
mi,tl_2012_26027_roads
mi,tl_2012_26029_roads
mi,tl_2012_26031_roads
mi,tl_2012_26033_roads
mi,tl_2012_26035_roads
mi,tl_2012_26037_roads
mi,tl_2012_26039_roads
mi,tl_2012_26041_roads
mi,tl_2012_26043_roads
mi,tl_2012_26045_roads
mi,tl_2012_26047_roads
mi,tl_2012_26049_roads
mi,tl_2012_26051_roads
mi,tl_2012_26053_roads
mi,tl_2012_26055_roads
mi,tl_2012_26057_roads
mi,tl_2012_26059_roads
mi,tl_2012_26061_roads
mi,tl_2012_26063_roads
mi,tl_2012_26065_roads
mi,tl_2012_26067_roads
mi,tl_2012_26069_roads
mi,tl_2012_26071_roads
mi,tl_2012_26073_roads
mi,tl_2012_26075_roads
mi,tl_2012_26077_roads
mi,tl_2012_26079_roads
mi,tl_2012_26081_roads
mi,tl_2012_26083_roads
mi,tl_2012_26085_roads
mi,tl_2012_26087_roads
mi,tl_2012_26089_roads
mi,tl_2012_26091_roads
mi,tl_2012_26093_roads
mi,tl_2012_26095_roads
mi,tl_2012_26097_roads
mi,tl_2012_26099_roads
mi,tl_2012_26101_roads
mi,tl_2012_26103_roads
mi,tl_2012_26105_roads
mi,tl_2012_26107_roads
mi,tl_2012_26109_roads
mi,tl_2012_26111_roads
mi,tl_2012_26113_roads
mi,tl_2012_26115_roads
mi,tl_2012_26117_roads
mi,tl_2012_26119_roads
mi,tl_2012_26121_roads
mi,tl_2012_26123_roads
mi,tl_2012_26125_roads
mi,tl_2012_26127_roads
mi,tl_2012_26129_roads
mi,tl_2012_26131_roads
mi,tl_2012_26133_roads
mi,tl_2012_26135_roads
mi,tl_2012_26137_roads
mi,tl_2012_26139_roads
mi,tl_2012_26141_roads
mi,tl_2012_26143_roads
mi,tl_2012_26145_roads
mi,tl_2012_26147_roads
mi,tl_2012_26149_roads
mi,tl_2012_26151_roads
mi,tl_2012_26153_roads
mi,tl_2012_26155_roads
mi,tl_2012_26157_roads
mi,tl_2012_26159_roads
mi,tl_2012_26161_roads
mi,tl_2012_26163_roads
mi,tl_2012_26165_roads
mn,tl_2012_27001_roads
mn,tl_2012_27003_roads
mn,tl_2012_27005_roads
mn,tl_2012_27007_roads
mn,tl_2012_27009_roads
mn,tl_2012_27011_roads
mn,tl_2012_27013_roads
mn,tl_2012_27015_roads
mn,tl_2012_27017_roads
mn,tl_2012_27019_roads
mn,tl_2012_27021_roads
mn,tl_2012_27023_roads
mn,tl_2012_27025_roads
mn,tl_2012_27027_roads
mn,tl_2012_27029_roads
mn,tl_2012_27031_roads
mn,tl_2012_27033_roads
mn,tl_2012_27035_roads
mn,tl_2012_27037_roads
mn,tl_2012_27039_roads
mn,tl_2012_27041_roads
mn,tl_2012_27043_roads
mn,tl_2012_27045_roads
mn,tl_2012_27047_roads
mn,tl_2012_27049_roads
mn,tl_2012_27051_roads
mn,tl_2012_27053_roads
mn,tl_2012_27055_roads
mn,tl_2012_27057_roads
mn,tl_2012_27059_roads
mn,tl_2012_27061_roads
mn,tl_2012_27063_roads
mn,tl_2012_27065_roads
mn,tl_2012_27067_roads
mn,tl_2012_27069_roads
mn,tl_2012_27071_roads
mn,tl_2012_27073_roads
mn,tl_2012_27075_roads
mn,tl_2012_27077_roads
mn,tl_2012_27079_roads
mn,tl_2012_27081_roads
mn,tl_2012_27083_roads
mn,tl_2012_27085_roads
mn,tl_2012_27087_roads
mn,tl_2012_27089_roads
mn,tl_2012_27091_roads
mn,tl_2012_27093_roads
mn,tl_2012_27095_roads
mn,tl_2012_27097_roads
mn,tl_2012_27099_roads
mn,tl_2012_27101_roads
mn,tl_2012_27103_roads
mn,tl_2012_27105_roads
mn,tl_2012_27107_roads
mn,tl_2012_27109_roads
mn,tl_2012_27111_roads
mn,tl_2012_27113_roads
mn,tl_2012_27115_roads
mn,tl_2012_27117_roads
mn,tl_2012_27119_roads
mn,tl_2012_27121_roads
mn,tl_2012_27123_roads
mn,tl_2012_27125_roads
mn,tl_2012_27127_roads
mn,tl_2012_27129_roads
mn,tl_2012_27131_roads
mn,tl_2012_27133_roads
mn,tl_2012_27135_roads
mn,tl_2012_27137_roads
mn,tl_2012_27139_roads
mn,tl_2012_27141_roads
mn,tl_2012_27143_roads
mn,tl_2012_27145_roads
mn,tl_2012_27147_roads
mn,tl_2012_27149_roads
mn,tl_2012_27151_roads
mn,tl_2012_27153_roads
mn,tl_2012_27155_roads
mn,tl_2012_27157_roads
mn,tl_2012_27159_roads
mn,tl_2012_27161_roads
mn,tl_2012_27163_roads
mn,tl_2012_27165_roads
mn,tl_2012_27167_roads
mn,tl_2012_27169_roads
mn,tl_2012_27171_roads
mn,tl_2012_27173_roads
ms,tl_2012_28001_roads
ms,tl_2012_28003_roads
ms,tl_2012_28005_roads
ms,tl_2012_28007_roads
ms,tl_2012_28009_roads
ms,tl_2012_28011_roads
ms,tl_2012_28013_roads
ms,tl_2012_28015_roads
ms,tl_2012_28017_roads
ms,tl_2012_28019_roads
ms,tl_2012_28021_roads
ms,tl_2012_28023_roads
ms,tl_2012_28025_roads
ms,tl_2012_28027_roads
ms,tl_2012_28029_roads
ms,tl_2012_28031_roads
ms,tl_2012_28033_roads
ms,tl_2012_28035_roads
ms,tl_2012_28037_roads
ms,tl_2012_28039_roads
ms,tl_2012_28041_roads
ms,tl_2012_28043_roads
ms,tl_2012_28045_roads
ms,tl_2012_28047_roads
ms,tl_2012_28049_roads
ms,tl_2012_28051_roads
ms,tl_2012_28053_roads
ms,tl_2012_28055_roads
ms,tl_2012_28057_roads
ms,tl_2012_28059_roads
ms,tl_2012_28061_roads
ms,tl_2012_28063_roads
ms,tl_2012_28065_roads
ms,tl_2012_28067_roads
ms,tl_2012_28069_roads
ms,tl_2012_28071_roads
ms,tl_2012_28073_roads
ms,tl_2012_28075_roads
ms,tl_2012_28077_roads
ms,tl_2012_28079_roads
ms,tl_2012_28081_roads
ms,tl_2012_28083_roads
ms,tl_2012_28085_roads
ms,tl_2012_28087_roads
ms,tl_2012_28089_roads
ms,tl_2012_28091_roads
ms,tl_2012_28093_roads
ms,tl_2012_28095_roads
ms,tl_2012_28097_roads
ms,tl_2012_28099_roads
ms,tl_2012_28101_roads
ms,tl_2012_28103_roads
ms,tl_2012_28105_roads
ms,tl_2012_28107_roads
ms,tl_2012_28109_roads
ms,tl_2012_28111_roads
ms,tl_2012_28113_roads
ms,tl_2012_28115_roads
ms,tl_2012_28117_roads
ms,tl_2012_28119_roads
ms,tl_2012_28121_roads
ms,tl_2012_28123_roads
ms,tl_2012_28125_roads
ms,tl_2012_28127_roads
ms,tl_2012_28129_roads
ms,tl_2012_28131_roads
ms,tl_2012_28133_roads
ms,tl_2012_28135_roads
ms,tl_2012_28137_roads
ms,tl_2012_28139_roads
ms,tl_2012_28141_roads
ms,tl_2012_28143_roads
ms,tl_2012_28145_roads
ms,tl_2012_28147_roads
ms,tl_2012_28149_roads
ms,tl_2012_28151_roads
ms,tl_2012_28153_roads
ms,tl_2012_28155_roads
ms,tl_2012_28157_roads
ms,tl_2012_28159_roads
ms,tl_2012_28161_roads
ms,tl_2012_28163_roads
mo,tl_2012_29001_roads
mo,tl_2012_29003_roads
mo,tl_2012_29005_roads
mo,tl_2012_29007_roads
mo,tl_2012_29009_roads
mo,tl_2012_29011_roads
mo,tl_2012_29013_roads
mo,tl_2012_29015_roads
mo,tl_2012_29017_roads
mo,tl_2012_29019_roads
mo,tl_2012_29021_roads
mo,tl_2012_29023_roads
mo,tl_2012_29025_roads
mo,tl_2012_29027_roads
mo,tl_2012_29029_roads
mo,tl_2012_29031_roads
mo,tl_2012_29033_roads
mo,tl_2012_29035_roads
mo,tl_2012_29037_roads
mo,tl_2012_29039_roads
mo,tl_2012_29041_roads
mo,tl_2012_29043_roads
mo,tl_2012_29045_roads
mo,tl_2012_29047_roads
mo,tl_2012_29049_roads
mo,tl_2012_29051_roads
mo,tl_2012_29053_roads
mo,tl_2012_29055_roads
mo,tl_2012_29057_roads
mo,tl_2012_29059_roads
mo,tl_2012_29061_roads
mo,tl_2012_29063_roads
mo,tl_2012_29065_roads
mo,tl_2012_29067_roads
mo,tl_2012_29069_roads
mo,tl_2012_29071_roads
mo,tl_2012_29073_roads
mo,tl_2012_29075_roads
mo,tl_2012_29077_roads
mo,tl_2012_29079_roads
mo,tl_2012_29081_roads
mo,tl_2012_29083_roads
mo,tl_2012_29085_roads
mo,tl_2012_29087_roads
mo,tl_2012_29089_roads
mo,tl_2012_29091_roads
mo,tl_2012_29093_roads
mo,tl_2012_29095_roads
mo,tl_2012_29097_roads
mo,tl_2012_29099_roads
mo,tl_2012_29101_roads
mo,tl_2012_29103_roads
mo,tl_2012_29105_roads
mo,tl_2012_29107_roads
mo,tl_2012_29109_roads
mo,tl_2012_29111_roads
mo,tl_2012_29113_roads
mo,tl_2012_29115_roads
mo,tl_2012_29117_roads
mo,tl_2012_29119_roads
mo,tl_2012_29121_roads
mo,tl_2012_29123_roads
mo,tl_2012_29125_roads
mo,tl_2012_29127_roads
mo,tl_2012_29129_roads
mo,tl_2012_29131_roads
mo,tl_2012_29133_roads
mo,tl_2012_29135_roads
mo,tl_2012_29137_roads
mo,tl_2012_29139_roads
mo,tl_2012_29141_roads
mo,tl_2012_29143_roads
mo,tl_2012_29145_roads
mo,tl_2012_29147_roads
mo,tl_2012_29149_roads
mo,tl_2012_29151_roads
mo,tl_2012_29153_roads
mo,tl_2012_29155_roads
mo,tl_2012_29157_roads
mo,tl_2012_29159_roads
mo,tl_2012_29161_roads
mo,tl_2012_29163_roads
mo,tl_2012_29165_roads
mo,tl_2012_29167_roads
mo,tl_2012_29169_roads
mo,tl_2012_29171_roads
mo,tl_2012_29173_roads
mo,tl_2012_29175_roads
mo,tl_2012_29177_roads
mo,tl_2012_29179_roads
mo,tl_2012_29181_roads
mo,tl_2012_29183_roads
mo,tl_2012_29185_roads
mo,tl_2012_29186_roads
mo,tl_2012_29187_roads
mo,tl_2012_29189_roads
mo,tl_2012_29195_roads
mo,tl_2012_29197_roads
mo,tl_2012_29199_roads
mo,tl_2012_29201_roads
mo,tl_2012_29203_roads
mo,tl_2012_29205_roads
mo,tl_2012_29207_roads
mo,tl_2012_29209_roads
mo,tl_2012_29211_roads
mo,tl_2012_29213_roads
mo,tl_2012_29215_roads
mo,tl_2012_29217_roads
mo,tl_2012_29219_roads
mo,tl_2012_29221_roads
mo,tl_2012_29223_roads
mo,tl_2012_29225_roads
mo,tl_2012_29227_roads
mo,tl_2012_29229_roads
mo,tl_2012_29510_roads
mt,tl_2012_30001_roads
mt,tl_2012_30003_roads
mt,tl_2012_30005_roads
mt,tl_2012_30007_roads
mt,tl_2012_30009_roads
mt,tl_2012_30011_roads
mt,tl_2012_30013_roads
mt,tl_2012_30015_roads
mt,tl_2012_30017_roads
mt,tl_2012_30019_roads
mt,tl_2012_30021_roads
mt,tl_2012_30023_roads
mt,tl_2012_30025_roads
mt,tl_2012_30027_roads
mt,tl_2012_30029_roads
mt,tl_2012_30031_roads
mt,tl_2012_30033_roads
mt,tl_2012_30035_roads
mt,tl_2012_30037_roads
mt,tl_2012_30039_roads
mt,tl_2012_30041_roads
mt,tl_2012_30043_roads
mt,tl_2012_30045_roads
mt,tl_2012_30047_roads
mt,tl_2012_30049_roads
mt,tl_2012_30051_roads
mt,tl_2012_30053_roads
mt,tl_2012_30055_roads
mt,tl_2012_30057_roads
mt,tl_2012_30059_roads
mt,tl_2012_30061_roads
mt,tl_2012_30063_roads
mt,tl_2012_30065_roads
mt,tl_2012_30067_roads
mt,tl_2012_30069_roads
mt,tl_2012_30071_roads
mt,tl_2012_30073_roads
mt,tl_2012_30075_roads
mt,tl_2012_30077_roads
mt,tl_2012_30079_roads
mt,tl_2012_30081_roads
mt,tl_2012_30083_roads
mt,tl_2012_30085_roads
mt,tl_2012_30087_roads
mt,tl_2012_30089_roads
mt,tl_2012_30091_roads
mt,tl_2012_30093_roads
mt,tl_2012_30095_roads
mt,tl_2012_30097_roads
mt,tl_2012_30099_roads
mt,tl_2012_30101_roads
mt,tl_2012_30103_roads
mt,tl_2012_30105_roads
mt,tl_2012_30107_roads
mt,tl_2012_30109_roads
mt,tl_2012_30111_roads
ne,tl_2012_31001_roads
ne,tl_2012_31003_roads
ne,tl_2012_31005_roads
ne,tl_2012_31007_roads
ne,tl_2012_31009_roads
ne,tl_2012_31011_roads
ne,tl_2012_31013_roads
ne,tl_2012_31015_roads
ne,tl_2012_31017_roads
ne,tl_2012_31019_roads
ne,tl_2012_31021_roads
ne,tl_2012_31023_roads
ne,tl_2012_31025_roads
ne,tl_2012_31027_roads
ne,tl_2012_31029_roads
ne,tl_2012_31031_roads
ne,tl_2012_31033_roads
ne,tl_2012_31035_roads
ne,tl_2012_31037_roads
ne,tl_2012_31039_roads
ne,tl_2012_31041_roads
ne,tl_2012_31043_roads
ne,tl_2012_31045_roads
ne,tl_2012_31047_roads
ne,tl_2012_31049_roads
ne,tl_2012_31051_roads
ne,tl_2012_31053_roads
ne,tl_2012_31055_roads
ne,tl_2012_31057_roads
ne,tl_2012_31059_roads
ne,tl_2012_31061_roads
ne,tl_2012_31063_roads
ne,tl_2012_31065_roads
ne,tl_2012_31067_roads
ne,tl_2012_31069_roads
ne,tl_2012_31071_roads
ne,tl_2012_31073_roads
ne,tl_2012_31075_roads
ne,tl_2012_31077_roads
ne,tl_2012_31079_roads
ne,tl_2012_31081_roads
ne,tl_2012_31083_roads
ne,tl_2012_31085_roads
ne,tl_2012_31087_roads
ne,tl_2012_31089_roads
ne,tl_2012_31091_roads
ne,tl_2012_31093_roads
ne,tl_2012_31095_roads
ne,tl_2012_31097_roads
ne,tl_2012_31099_roads
ne,tl_2012_31101_roads
ne,tl_2012_31103_roads
ne,tl_2012_31105_roads
ne,tl_2012_31107_roads
ne,tl_2012_31109_roads
ne,tl_2012_31111_roads
ne,tl_2012_31113_roads
ne,tl_2012_31115_roads
ne,tl_2012_31117_roads
ne,tl_2012_31119_roads
ne,tl_2012_31121_roads
ne,tl_2012_31123_roads
ne,tl_2012_31125_roads
ne,tl_2012_31127_roads
ne,tl_2012_31129_roads
ne,tl_2012_31131_roads
ne,tl_2012_31133_roads
ne,tl_2012_31135_roads
ne,tl_2012_31137_roads
ne,tl_2012_31139_roads
ne,tl_2012_31141_roads
ne,tl_2012_31143_roads
ne,tl_2012_31145_roads
ne,tl_2012_31147_roads
ne,tl_2012_31149_roads
ne,tl_2012_31151_roads
ne,tl_2012_31153_roads
ne,tl_2012_31155_roads
ne,tl_2012_31157_roads
ne,tl_2012_31159_roads
ne,tl_2012_31161_roads
ne,tl_2012_31163_roads
ne,tl_2012_31165_roads
ne,tl_2012_31167_roads
ne,tl_2012_31169_roads
ne,tl_2012_31171_roads
ne,tl_2012_31173_roads
ne,tl_2012_31175_roads
ne,tl_2012_31177_roads
ne,tl_2012_31179_roads
ne,tl_2012_31181_roads
ne,tl_2012_31183_roads
ne,tl_2012_31185_roads
nv,tl_2012_32001_roads
nv,tl_2012_32003_roads
nv,tl_2012_32005_roads
nv,tl_2012_32007_roads
nv,tl_2012_32009_roads
nv,tl_2012_32011_roads
nv,tl_2012_32013_roads
nv,tl_2012_32015_roads
nv,tl_2012_32017_roads
nv,tl_2012_32019_roads
nv,tl_2012_32021_roads
nv,tl_2012_32023_roads
nv,tl_2012_32027_roads
nv,tl_2012_32029_roads
nv,tl_2012_32031_roads
nv,tl_2012_32033_roads
nv,tl_2012_32510_roads
nh,tl_2012_33001_roads
nh,tl_2012_33003_roads
nh,tl_2012_33005_roads
nh,tl_2012_33007_roads
nh,tl_2012_33009_roads
nh,tl_2012_33011_roads
nh,tl_2012_33013_roads
nh,tl_2012_33015_roads
nh,tl_2012_33017_roads
nh,tl_2012_33019_roads
nj,tl_2012_34001_roads
nj,tl_2012_34003_roads
nj,tl_2012_34005_roads
nj,tl_2012_34007_roads
nj,tl_2012_34009_roads
nj,tl_2012_34011_roads
nj,tl_2012_34013_roads
nj,tl_2012_34015_roads
nj,tl_2012_34017_roads
nj,tl_2012_34019_roads
nj,tl_2012_34021_roads
nj,tl_2012_34023_roads
nj,tl_2012_34025_roads
nj,tl_2012_34027_roads
nj,tl_2012_34029_roads
nj,tl_2012_34031_roads
nj,tl_2012_34033_roads
nj,tl_2012_34035_roads
nj,tl_2012_34037_roads
nj,tl_2012_34039_roads
nj,tl_2012_34041_roads
nm,tl_2012_35001_roads
nm,tl_2012_35003_roads
nm,tl_2012_35005_roads
nm,tl_2012_35006_roads
nm,tl_2012_35007_roads
nm,tl_2012_35009_roads
nm,tl_2012_35011_roads
nm,tl_2012_35013_roads
nm,tl_2012_35015_roads
nm,tl_2012_35017_roads
nm,tl_2012_35019_roads
nm,tl_2012_35021_roads
nm,tl_2012_35023_roads
nm,tl_2012_35025_roads
nm,tl_2012_35027_roads
nm,tl_2012_35028_roads
nm,tl_2012_35029_roads
nm,tl_2012_35031_roads
nm,tl_2012_35033_roads
nm,tl_2012_35035_roads
nm,tl_2012_35037_roads
nm,tl_2012_35039_roads
nm,tl_2012_35041_roads
nm,tl_2012_35043_roads
nm,tl_2012_35045_roads
nm,tl_2012_35047_roads
nm,tl_2012_35049_roads
nm,tl_2012_35051_roads
nm,tl_2012_35053_roads
nm,tl_2012_35055_roads
nm,tl_2012_35057_roads
nm,tl_2012_35059_roads
nm,tl_2012_35061_roads
ny,tl_2012_36001_roads
ny,tl_2012_36003_roads
ny,tl_2012_36005_roads
ny,tl_2012_36007_roads
ny,tl_2012_36009_roads
ny,tl_2012_36011_roads
ny,tl_2012_36013_roads
ny,tl_2012_36015_roads
ny,tl_2012_36017_roads
ny,tl_2012_36019_roads
ny,tl_2012_36021_roads
ny,tl_2012_36023_roads
ny,tl_2012_36025_roads
ny,tl_2012_36027_roads
ny,tl_2012_36029_roads
ny,tl_2012_36031_roads
ny,tl_2012_36033_roads
ny,tl_2012_36035_roads
ny,tl_2012_36037_roads
ny,tl_2012_36039_roads
ny,tl_2012_36041_roads
ny,tl_2012_36043_roads
ny,tl_2012_36045_roads
ny,tl_2012_36047_roads
ny,tl_2012_36049_roads
ny,tl_2012_36051_roads
ny,tl_2012_36053_roads
ny,tl_2012_36055_roads
ny,tl_2012_36057_roads
ny,tl_2012_36059_roads
ny,tl_2012_36061_roads
ny,tl_2012_36063_roads
ny,tl_2012_36065_roads
ny,tl_2012_36067_roads
ny,tl_2012_36069_roads
ny,tl_2012_36071_roads
ny,tl_2012_36073_roads
ny,tl_2012_36075_roads
ny,tl_2012_36077_roads
ny,tl_2012_36079_roads
ny,tl_2012_36081_roads
ny,tl_2012_36083_roads
ny,tl_2012_36085_roads
ny,tl_2012_36087_roads
ny,tl_2012_36089_roads
ny,tl_2012_36091_roads
ny,tl_2012_36093_roads
ny,tl_2012_36095_roads
ny,tl_2012_36097_roads
ny,tl_2012_36099_roads
ny,tl_2012_36101_roads
ny,tl_2012_36103_roads
ny,tl_2012_36105_roads
ny,tl_2012_36107_roads
ny,tl_2012_36109_roads
ny,tl_2012_36111_roads
ny,tl_2012_36113_roads
ny,tl_2012_36115_roads
ny,tl_2012_36117_roads
ny,tl_2012_36119_roads
ny,tl_2012_36121_roads
ny,tl_2012_36123_roads
nc,tl_2012_37001_roads
nc,tl_2012_37003_roads
nc,tl_2012_37005_roads
nc,tl_2012_37007_roads
nc,tl_2012_37009_roads
nc,tl_2012_37011_roads
nc,tl_2012_37013_roads
nc,tl_2012_37015_roads
nc,tl_2012_37017_roads
nc,tl_2012_37019_roads
nc,tl_2012_37021_roads
nc,tl_2012_37023_roads
nc,tl_2012_37025_roads
nc,tl_2012_37027_roads
nc,tl_2012_37029_roads
nc,tl_2012_37031_roads
nc,tl_2012_37033_roads
nc,tl_2012_37035_roads
nc,tl_2012_37037_roads
nc,tl_2012_37039_roads
nc,tl_2012_37041_roads
nc,tl_2012_37043_roads
nc,tl_2012_37045_roads
nc,tl_2012_37047_roads
nc,tl_2012_37049_roads
nc,tl_2012_37051_roads
nc,tl_2012_37053_roads
nc,tl_2012_37055_roads
nc,tl_2012_37057_roads
nc,tl_2012_37059_roads
nc,tl_2012_37061_roads
nc,tl_2012_37063_roads
nc,tl_2012_37065_roads
nc,tl_2012_37067_roads
nc,tl_2012_37069_roads
nc,tl_2012_37071_roads
nc,tl_2012_37073_roads
nc,tl_2012_37075_roads
nc,tl_2012_37077_roads
nc,tl_2012_37079_roads
nc,tl_2012_37081_roads
nc,tl_2012_37083_roads
nc,tl_2012_37085_roads
nc,tl_2012_37087_roads
nc,tl_2012_37089_roads
nc,tl_2012_37091_roads
nc,tl_2012_37093_roads
nc,tl_2012_37095_roads
nc,tl_2012_37097_roads
nc,tl_2012_37099_roads
nc,tl_2012_37101_roads
nc,tl_2012_37103_roads
nc,tl_2012_37105_roads
nc,tl_2012_37107_roads
nc,tl_2012_37109_roads
nc,tl_2012_37111_roads
nc,tl_2012_37113_roads
nc,tl_2012_37115_roads
nc,tl_2012_37117_roads
nc,tl_2012_37119_roads
nc,tl_2012_37121_roads
nc,tl_2012_37123_roads
nc,tl_2012_37125_roads
nc,tl_2012_37127_roads
nc,tl_2012_37129_roads
nc,tl_2012_37131_roads
nc,tl_2012_37133_roads
nc,tl_2012_37135_roads
nc,tl_2012_37137_roads
nc,tl_2012_37139_roads
nc,tl_2012_37141_roads
nc,tl_2012_37143_roads
nc,tl_2012_37145_roads
nc,tl_2012_37147_roads
nc,tl_2012_37149_roads
nc,tl_2012_37151_roads
nc,tl_2012_37153_roads
nc,tl_2012_37155_roads
nc,tl_2012_37157_roads
nc,tl_2012_37159_roads
nc,tl_2012_37161_roads
nc,tl_2012_37163_roads
nc,tl_2012_37165_roads
nc,tl_2012_37167_roads
nc,tl_2012_37169_roads
nc,tl_2012_37171_roads
nc,tl_2012_37173_roads
nc,tl_2012_37175_roads
nc,tl_2012_37177_roads
nc,tl_2012_37179_roads
nc,tl_2012_37181_roads
nc,tl_2012_37183_roads
nc,tl_2012_37185_roads
nc,tl_2012_37187_roads
nc,tl_2012_37189_roads
nc,tl_2012_37191_roads
nc,tl_2012_37193_roads
nc,tl_2012_37195_roads
nc,tl_2012_37197_roads
nc,tl_2012_37199_roads
nd,tl_2012_38001_roads
nd,tl_2012_38003_roads
nd,tl_2012_38005_roads
nd,tl_2012_38007_roads
nd,tl_2012_38009_roads
nd,tl_2012_38011_roads
nd,tl_2012_38013_roads
nd,tl_2012_38015_roads
nd,tl_2012_38017_roads
nd,tl_2012_38019_roads
nd,tl_2012_38021_roads
nd,tl_2012_38023_roads
nd,tl_2012_38025_roads
nd,tl_2012_38027_roads
nd,tl_2012_38029_roads
nd,tl_2012_38031_roads
nd,tl_2012_38033_roads
nd,tl_2012_38035_roads
nd,tl_2012_38037_roads
nd,tl_2012_38039_roads
nd,tl_2012_38041_roads
nd,tl_2012_38043_roads
nd,tl_2012_38045_roads
nd,tl_2012_38047_roads
nd,tl_2012_38049_roads
nd,tl_2012_38051_roads
nd,tl_2012_38053_roads
nd,tl_2012_38055_roads
nd,tl_2012_38057_roads
nd,tl_2012_38059_roads
nd,tl_2012_38061_roads
nd,tl_2012_38063_roads
nd,tl_2012_38065_roads
nd,tl_2012_38067_roads
nd,tl_2012_38069_roads
nd,tl_2012_38071_roads
nd,tl_2012_38073_roads
nd,tl_2012_38075_roads
nd,tl_2012_38077_roads
nd,tl_2012_38079_roads
nd,tl_2012_38081_roads
nd,tl_2012_38083_roads
nd,tl_2012_38085_roads
nd,tl_2012_38087_roads
nd,tl_2012_38089_roads
nd,tl_2012_38091_roads
nd,tl_2012_38093_roads
nd,tl_2012_38095_roads
nd,tl_2012_38097_roads
nd,tl_2012_38099_roads
nd,tl_2012_38101_roads
nd,tl_2012_38103_roads
nd,tl_2012_38105_roads
oh,tl_2012_39001_roads
oh,tl_2012_39003_roads
oh,tl_2012_39005_roads
oh,tl_2012_39007_roads
oh,tl_2012_39009_roads
oh,tl_2012_39011_roads
oh,tl_2012_39013_roads
oh,tl_2012_39015_roads
oh,tl_2012_39017_roads
oh,tl_2012_39019_roads
oh,tl_2012_39021_roads
oh,tl_2012_39023_roads
oh,tl_2012_39025_roads
oh,tl_2012_39027_roads
oh,tl_2012_39029_roads
oh,tl_2012_39031_roads
oh,tl_2012_39033_roads
oh,tl_2012_39035_roads
oh,tl_2012_39037_roads
oh,tl_2012_39039_roads
oh,tl_2012_39041_roads
oh,tl_2012_39043_roads
oh,tl_2012_39045_roads
oh,tl_2012_39047_roads
oh,tl_2012_39049_roads
oh,tl_2012_39051_roads
oh,tl_2012_39053_roads
oh,tl_2012_39055_roads
oh,tl_2012_39057_roads
oh,tl_2012_39059_roads
oh,tl_2012_39061_roads
oh,tl_2012_39063_roads
oh,tl_2012_39065_roads
oh,tl_2012_39067_roads
oh,tl_2012_39069_roads
oh,tl_2012_39071_roads
oh,tl_2012_39073_roads
oh,tl_2012_39075_roads
oh,tl_2012_39077_roads
oh,tl_2012_39079_roads
oh,tl_2012_39081_roads
oh,tl_2012_39083_roads
oh,tl_2012_39085_roads
oh,tl_2012_39087_roads
oh,tl_2012_39089_roads
oh,tl_2012_39091_roads
oh,tl_2012_39093_roads
oh,tl_2012_39095_roads
oh,tl_2012_39097_roads
oh,tl_2012_39099_roads
oh,tl_2012_39101_roads
oh,tl_2012_39103_roads
oh,tl_2012_39105_roads
oh,tl_2012_39107_roads
oh,tl_2012_39109_roads
oh,tl_2012_39111_roads
oh,tl_2012_39113_roads
oh,tl_2012_39115_roads
oh,tl_2012_39117_roads
oh,tl_2012_39119_roads
oh,tl_2012_39121_roads
oh,tl_2012_39123_roads
oh,tl_2012_39125_roads
oh,tl_2012_39127_roads
oh,tl_2012_39129_roads
oh,tl_2012_39131_roads
oh,tl_2012_39133_roads
oh,tl_2012_39135_roads
oh,tl_2012_39137_roads
oh,tl_2012_39139_roads
oh,tl_2012_39141_roads
oh,tl_2012_39143_roads
oh,tl_2012_39145_roads
oh,tl_2012_39147_roads
oh,tl_2012_39149_roads
oh,tl_2012_39151_roads
oh,tl_2012_39153_roads
oh,tl_2012_39155_roads
oh,tl_2012_39157_roads
oh,tl_2012_39159_roads
oh,tl_2012_39161_roads
oh,tl_2012_39163_roads
oh,tl_2012_39165_roads
oh,tl_2012_39167_roads
oh,tl_2012_39169_roads
oh,tl_2012_39171_roads
oh,tl_2012_39173_roads
oh,tl_2012_39175_roads
ok,tl_2012_40001_roads
ok,tl_2012_40003_roads
ok,tl_2012_40005_roads
ok,tl_2012_40007_roads
ok,tl_2012_40009_roads
ok,tl_2012_40011_roads
ok,tl_2012_40013_roads
ok,tl_2012_40015_roads
ok,tl_2012_40017_roads
ok,tl_2012_40019_roads
ok,tl_2012_40021_roads
ok,tl_2012_40023_roads
ok,tl_2012_40025_roads
ok,tl_2012_40027_roads
ok,tl_2012_40029_roads
ok,tl_2012_40031_roads
ok,tl_2012_40033_roads
ok,tl_2012_40035_roads
ok,tl_2012_40037_roads
ok,tl_2012_40039_roads
ok,tl_2012_40041_roads
ok,tl_2012_40043_roads
ok,tl_2012_40045_roads
ok,tl_2012_40047_roads
ok,tl_2012_40049_roads
ok,tl_2012_40051_roads
ok,tl_2012_40053_roads
ok,tl_2012_40055_roads
ok,tl_2012_40057_roads
ok,tl_2012_40059_roads
ok,tl_2012_40061_roads
ok,tl_2012_40063_roads
ok,tl_2012_40065_roads
ok,tl_2012_40067_roads
ok,tl_2012_40069_roads
ok,tl_2012_40071_roads
ok,tl_2012_40073_roads
ok,tl_2012_40075_roads
ok,tl_2012_40077_roads
ok,tl_2012_40079_roads
ok,tl_2012_40081_roads
ok,tl_2012_40083_roads
ok,tl_2012_40085_roads
ok,tl_2012_40087_roads
ok,tl_2012_40089_roads
ok,tl_2012_40091_roads
ok,tl_2012_40093_roads
ok,tl_2012_40095_roads
ok,tl_2012_40097_roads
ok,tl_2012_40099_roads
ok,tl_2012_40101_roads
ok,tl_2012_40103_roads
ok,tl_2012_40105_roads
ok,tl_2012_40107_roads
ok,tl_2012_40109_roads
ok,tl_2012_40111_roads
ok,tl_2012_40113_roads
ok,tl_2012_40115_roads
ok,tl_2012_40117_roads
ok,tl_2012_40119_roads
ok,tl_2012_40121_roads
ok,tl_2012_40123_roads
ok,tl_2012_40125_roads
ok,tl_2012_40127_roads
ok,tl_2012_40129_roads
ok,tl_2012_40131_roads
ok,tl_2012_40133_roads
ok,tl_2012_40135_roads
ok,tl_2012_40137_roads
ok,tl_2012_40139_roads
ok,tl_2012_40141_roads
ok,tl_2012_40143_roads
ok,tl_2012_40145_roads
ok,tl_2012_40147_roads
ok,tl_2012_40149_roads
ok,tl_2012_40151_roads
ok,tl_2012_40153_roads
or,tl_2012_41001_roads
or,tl_2012_41003_roads
or,tl_2012_41005_roads
or,tl_2012_41007_roads
or,tl_2012_41009_roads
or,tl_2012_41011_roads
or,tl_2012_41013_roads
or,tl_2012_41015_roads
or,tl_2012_41017_roads
or,tl_2012_41019_roads
or,tl_2012_41021_roads
or,tl_2012_41023_roads
or,tl_2012_41025_roads
or,tl_2012_41027_roads
or,tl_2012_41029_roads
or,tl_2012_41031_roads
or,tl_2012_41033_roads
or,tl_2012_41035_roads
or,tl_2012_41037_roads
or,tl_2012_41039_roads
or,tl_2012_41041_roads
or,tl_2012_41043_roads
or,tl_2012_41045_roads
or,tl_2012_41047_roads
or,tl_2012_41049_roads
or,tl_2012_41051_roads
or,tl_2012_41053_roads
or,tl_2012_41055_roads
or,tl_2012_41057_roads
or,tl_2012_41059_roads
or,tl_2012_41061_roads
or,tl_2012_41063_roads
or,tl_2012_41065_roads
or,tl_2012_41067_roads
or,tl_2012_41069_roads
or,tl_2012_41071_roads
pa,tl_2012_42001_roads
pa,tl_2012_42003_roads
pa,tl_2012_42005_roads
pa,tl_2012_42007_roads
pa,tl_2012_42009_roads
pa,tl_2012_42011_roads
pa,tl_2012_42013_roads
pa,tl_2012_42015_roads
pa,tl_2012_42017_roads
pa,tl_2012_42019_roads
pa,tl_2012_42021_roads
pa,tl_2012_42023_roads
pa,tl_2012_42025_roads
pa,tl_2012_42027_roads
pa,tl_2012_42029_roads
pa,tl_2012_42031_roads
pa,tl_2012_42033_roads
pa,tl_2012_42035_roads
pa,tl_2012_42037_roads
pa,tl_2012_42039_roads
pa,tl_2012_42041_roads
pa,tl_2012_42043_roads
pa,tl_2012_42045_roads
pa,tl_2012_42047_roads
pa,tl_2012_42049_roads
pa,tl_2012_42051_roads
pa,tl_2012_42053_roads
pa,tl_2012_42055_roads
pa,tl_2012_42057_roads
pa,tl_2012_42059_roads
pa,tl_2012_42061_roads
pa,tl_2012_42063_roads
pa,tl_2012_42065_roads
pa,tl_2012_42067_roads
pa,tl_2012_42069_roads
pa,tl_2012_42071_roads
pa,tl_2012_42073_roads
pa,tl_2012_42075_roads
pa,tl_2012_42077_roads
pa,tl_2012_42079_roads
pa,tl_2012_42081_roads
pa,tl_2012_42083_roads
pa,tl_2012_42085_roads
pa,tl_2012_42087_roads
pa,tl_2012_42089_roads
pa,tl_2012_42091_roads
pa,tl_2012_42093_roads
pa,tl_2012_42095_roads
pa,tl_2012_42097_roads
pa,tl_2012_42099_roads
pa,tl_2012_42101_roads
pa,tl_2012_42103_roads
pa,tl_2012_42105_roads
pa,tl_2012_42107_roads
pa,tl_2012_42109_roads
pa,tl_2012_42111_roads
pa,tl_2012_42113_roads
pa,tl_2012_42115_roads
pa,tl_2012_42117_roads
pa,tl_2012_42119_roads
pa,tl_2012_42121_roads
pa,tl_2012_42123_roads
pa,tl_2012_42125_roads
pa,tl_2012_42127_roads
pa,tl_2012_42129_roads
pa,tl_2012_42131_roads
pa,tl_2012_42133_roads
ri,tl_2012_44001_roads
ri,tl_2012_44003_roads
ri,tl_2012_44005_roads
ri,tl_2012_44007_roads
ri,tl_2012_44009_roads
sc,tl_2012_45001_roads
sc,tl_2012_45003_roads
sc,tl_2012_45005_roads
sc,tl_2012_45007_roads
sc,tl_2012_45009_roads
sc,tl_2012_45011_roads
sc,tl_2012_45013_roads
sc,tl_2012_45015_roads
sc,tl_2012_45017_roads
sc,tl_2012_45019_roads
sc,tl_2012_45021_roads
sc,tl_2012_45023_roads
sc,tl_2012_45025_roads
sc,tl_2012_45027_roads
sc,tl_2012_45029_roads
sc,tl_2012_45031_roads
sc,tl_2012_45033_roads
sc,tl_2012_45035_roads
sc,tl_2012_45037_roads
sc,tl_2012_45039_roads
sc,tl_2012_45041_roads
sc,tl_2012_45043_roads
sc,tl_2012_45045_roads
sc,tl_2012_45047_roads
sc,tl_2012_45049_roads
sc,tl_2012_45051_roads
sc,tl_2012_45053_roads
sc,tl_2012_45055_roads
sc,tl_2012_45057_roads
sc,tl_2012_45059_roads
sc,tl_2012_45061_roads
sc,tl_2012_45063_roads
sc,tl_2012_45065_roads
sc,tl_2012_45067_roads
sc,tl_2012_45069_roads
sc,tl_2012_45071_roads
sc,tl_2012_45073_roads
sc,tl_2012_45075_roads
sc,tl_2012_45077_roads
sc,tl_2012_45079_roads
sc,tl_2012_45081_roads
sc,tl_2012_45083_roads
sc,tl_2012_45085_roads
sc,tl_2012_45087_roads
sc,tl_2012_45089_roads
sc,tl_2012_45091_roads
sd,tl_2012_46003_roads
sd,tl_2012_46005_roads
sd,tl_2012_46007_roads
sd,tl_2012_46009_roads
sd,tl_2012_46011_roads
sd,tl_2012_46013_roads
sd,tl_2012_46015_roads
sd,tl_2012_46017_roads
sd,tl_2012_46019_roads
sd,tl_2012_46021_roads
sd,tl_2012_46023_roads
sd,tl_2012_46025_roads
sd,tl_2012_46027_roads
sd,tl_2012_46029_roads
sd,tl_2012_46031_roads
sd,tl_2012_46033_roads
sd,tl_2012_46035_roads
sd,tl_2012_46037_roads
sd,tl_2012_46039_roads
sd,tl_2012_46041_roads
sd,tl_2012_46043_roads
sd,tl_2012_46045_roads
sd,tl_2012_46047_roads
sd,tl_2012_46049_roads
sd,tl_2012_46051_roads
sd,tl_2012_46053_roads
sd,tl_2012_46055_roads
sd,tl_2012_46057_roads
sd,tl_2012_46059_roads
sd,tl_2012_46061_roads
sd,tl_2012_46063_roads
sd,tl_2012_46065_roads
sd,tl_2012_46067_roads
sd,tl_2012_46069_roads
sd,tl_2012_46071_roads
sd,tl_2012_46073_roads
sd,tl_2012_46075_roads
sd,tl_2012_46077_roads
sd,tl_2012_46079_roads
sd,tl_2012_46081_roads
sd,tl_2012_46083_roads
sd,tl_2012_46085_roads
sd,tl_2012_46087_roads
sd,tl_2012_46089_roads
sd,tl_2012_46091_roads
sd,tl_2012_46093_roads
sd,tl_2012_46095_roads
sd,tl_2012_46097_roads
sd,tl_2012_46099_roads
sd,tl_2012_46101_roads
sd,tl_2012_46103_roads
sd,tl_2012_46105_roads
sd,tl_2012_46107_roads
sd,tl_2012_46109_roads
sd,tl_2012_46111_roads
sd,tl_2012_46113_roads
sd,tl_2012_46115_roads
sd,tl_2012_46117_roads
sd,tl_2012_46119_roads
sd,tl_2012_46121_roads
sd,tl_2012_46123_roads
sd,tl_2012_46125_roads
sd,tl_2012_46127_roads
sd,tl_2012_46129_roads
sd,tl_2012_46135_roads
sd,tl_2012_46137_roads
tn,tl_2012_47001_roads
tn,tl_2012_47003_roads
tn,tl_2012_47005_roads
tn,tl_2012_47007_roads
tn,tl_2012_47009_roads
tn,tl_2012_47011_roads
tn,tl_2012_47013_roads
tn,tl_2012_47015_roads
tn,tl_2012_47017_roads
tn,tl_2012_47019_roads
tn,tl_2012_47021_roads
tn,tl_2012_47023_roads
tn,tl_2012_47025_roads
tn,tl_2012_47027_roads
tn,tl_2012_47029_roads
tn,tl_2012_47031_roads
tn,tl_2012_47033_roads
tn,tl_2012_47035_roads
tn,tl_2012_47037_roads
tn,tl_2012_47039_roads
tn,tl_2012_47041_roads
tn,tl_2012_47043_roads
tn,tl_2012_47045_roads
tn,tl_2012_47047_roads
tn,tl_2012_47049_roads
tn,tl_2012_47051_roads
tn,tl_2012_47053_roads
tn,tl_2012_47055_roads
tn,tl_2012_47057_roads
tn,tl_2012_47059_roads
tn,tl_2012_47061_roads
tn,tl_2012_47063_roads
tn,tl_2012_47065_roads
tn,tl_2012_47067_roads
tn,tl_2012_47069_roads
tn,tl_2012_47071_roads
tn,tl_2012_47073_roads
tn,tl_2012_47075_roads
tn,tl_2012_47077_roads
tn,tl_2012_47079_roads
tn,tl_2012_47081_roads
tn,tl_2012_47083_roads
tn,tl_2012_47085_roads
tn,tl_2012_47087_roads
tn,tl_2012_47089_roads
tn,tl_2012_47091_roads
tn,tl_2012_47093_roads
tn,tl_2012_47095_roads
tn,tl_2012_47097_roads
tn,tl_2012_47099_roads
tn,tl_2012_47101_roads
tn,tl_2012_47103_roads
tn,tl_2012_47105_roads
tn,tl_2012_47107_roads
tn,tl_2012_47109_roads
tn,tl_2012_47111_roads
tn,tl_2012_47113_roads
tn,tl_2012_47115_roads
tn,tl_2012_47117_roads
tn,tl_2012_47119_roads
tn,tl_2012_47121_roads
tn,tl_2012_47123_roads
tn,tl_2012_47125_roads
tn,tl_2012_47127_roads
tn,tl_2012_47129_roads
tn,tl_2012_47131_roads
tn,tl_2012_47133_roads
tn,tl_2012_47135_roads
tn,tl_2012_47137_roads
tn,tl_2012_47139_roads
tn,tl_2012_47141_roads
tn,tl_2012_47143_roads
tn,tl_2012_47145_roads
tn,tl_2012_47147_roads
tn,tl_2012_47149_roads
tn,tl_2012_47151_roads
tn,tl_2012_47153_roads
tn,tl_2012_47155_roads
tn,tl_2012_47157_roads
tn,tl_2012_47159_roads
tn,tl_2012_47161_roads
tn,tl_2012_47163_roads
tn,tl_2012_47165_roads
tn,tl_2012_47167_roads
tn,tl_2012_47169_roads
tn,tl_2012_47171_roads
tn,tl_2012_47173_roads
tn,tl_2012_47175_roads
tn,tl_2012_47177_roads
tn,tl_2012_47179_roads
tn,tl_2012_47181_roads
tn,tl_2012_47183_roads
tn,tl_2012_47185_roads
tn,tl_2012_47187_roads
tn,tl_2012_47189_roads
tx,tl_2012_48001_roads
tx,tl_2012_48003_roads
tx,tl_2012_48005_roads
tx,tl_2012_48007_roads
tx,tl_2012_48009_roads
tx,tl_2012_48011_roads
tx,tl_2012_48013_roads
tx,tl_2012_48015_roads
tx,tl_2012_48017_roads
tx,tl_2012_48019_roads
tx,tl_2012_48021_roads
tx,tl_2012_48023_roads
tx,tl_2012_48025_roads
tx,tl_2012_48027_roads
tx,tl_2012_48029_roads
tx,tl_2012_48031_roads
tx,tl_2012_48033_roads
tx,tl_2012_48035_roads
tx,tl_2012_48037_roads
tx,tl_2012_48039_roads
tx,tl_2012_48041_roads
tx,tl_2012_48043_roads
tx,tl_2012_48045_roads
tx,tl_2012_48047_roads
tx,tl_2012_48049_roads
tx,tl_2012_48051_roads
tx,tl_2012_48053_roads
tx,tl_2012_48055_roads
tx,tl_2012_48057_roads
tx,tl_2012_48059_roads
tx,tl_2012_48061_roads
tx,tl_2012_48063_roads
tx,tl_2012_48065_roads
tx,tl_2012_48067_roads
tx,tl_2012_48069_roads
tx,tl_2012_48071_roads
tx,tl_2012_48073_roads
tx,tl_2012_48075_roads
tx,tl_2012_48077_roads
tx,tl_2012_48079_roads
tx,tl_2012_48081_roads
tx,tl_2012_48083_roads
tx,tl_2012_48085_roads
tx,tl_2012_48087_roads
tx,tl_2012_48089_roads
tx,tl_2012_48091_roads
tx,tl_2012_48093_roads
tx,tl_2012_48095_roads
tx,tl_2012_48097_roads
tx,tl_2012_48099_roads
tx,tl_2012_48101_roads
tx,tl_2012_48103_roads
tx,tl_2012_48105_roads
tx,tl_2012_48107_roads
tx,tl_2012_48109_roads
tx,tl_2012_48111_roads
tx,tl_2012_48113_roads
tx,tl_2012_48115_roads
tx,tl_2012_48117_roads
tx,tl_2012_48119_roads
tx,tl_2012_48121_roads
tx,tl_2012_48123_roads
tx,tl_2012_48125_roads
tx,tl_2012_48127_roads
tx,tl_2012_48129_roads
tx,tl_2012_48131_roads
tx,tl_2012_48133_roads
tx,tl_2012_48135_roads
tx,tl_2012_48137_roads
tx,tl_2012_48139_roads
tx,tl_2012_48141_roads
tx,tl_2012_48143_roads
tx,tl_2012_48145_roads
tx,tl_2012_48147_roads
tx,tl_2012_48149_roads
tx,tl_2012_48151_roads
tx,tl_2012_48153_roads
tx,tl_2012_48155_roads
tx,tl_2012_48157_roads
tx,tl_2012_48159_roads
tx,tl_2012_48161_roads
tx,tl_2012_48163_roads
tx,tl_2012_48165_roads
tx,tl_2012_48167_roads
tx,tl_2012_48169_roads
tx,tl_2012_48171_roads
tx,tl_2012_48173_roads
tx,tl_2012_48175_roads
tx,tl_2012_48177_roads
tx,tl_2012_48179_roads
tx,tl_2012_48181_roads
tx,tl_2012_48183_roads
tx,tl_2012_48185_roads
tx,tl_2012_48187_roads
tx,tl_2012_48189_roads
tx,tl_2012_48191_roads
tx,tl_2012_48193_roads
tx,tl_2012_48195_roads
tx,tl_2012_48197_roads
tx,tl_2012_48199_roads
tx,tl_2012_48201_roads
tx,tl_2012_48203_roads
tx,tl_2012_48205_roads
tx,tl_2012_48207_roads
tx,tl_2012_48209_roads
tx,tl_2012_48211_roads
tx,tl_2012_48213_roads
tx,tl_2012_48215_roads
tx,tl_2012_48217_roads
tx,tl_2012_48219_roads
tx,tl_2012_48221_roads
tx,tl_2012_48223_roads
tx,tl_2012_48225_roads
tx,tl_2012_48227_roads
tx,tl_2012_48229_roads
tx,tl_2012_48231_roads
tx,tl_2012_48233_roads
tx,tl_2012_48235_roads
tx,tl_2012_48237_roads
tx,tl_2012_48239_roads
tx,tl_2012_48241_roads
tx,tl_2012_48243_roads
tx,tl_2012_48245_roads
tx,tl_2012_48247_roads
tx,tl_2012_48249_roads
tx,tl_2012_48251_roads
tx,tl_2012_48253_roads
tx,tl_2012_48255_roads
tx,tl_2012_48257_roads
tx,tl_2012_48259_roads
tx,tl_2012_48261_roads
tx,tl_2012_48263_roads
tx,tl_2012_48265_roads
tx,tl_2012_48267_roads
tx,tl_2012_48269_roads
tx,tl_2012_48271_roads
tx,tl_2012_48273_roads
tx,tl_2012_48275_roads
tx,tl_2012_48277_roads
tx,tl_2012_48279_roads
tx,tl_2012_48281_roads
tx,tl_2012_48283_roads
tx,tl_2012_48285_roads
tx,tl_2012_48287_roads
tx,tl_2012_48289_roads
tx,tl_2012_48291_roads
tx,tl_2012_48293_roads
tx,tl_2012_48295_roads
tx,tl_2012_48297_roads
tx,tl_2012_48299_roads
tx,tl_2012_48301_roads
tx,tl_2012_48303_roads
tx,tl_2012_48305_roads
tx,tl_2012_48307_roads
tx,tl_2012_48309_roads
tx,tl_2012_48311_roads
tx,tl_2012_48313_roads
tx,tl_2012_48315_roads
tx,tl_2012_48317_roads
tx,tl_2012_48319_roads
tx,tl_2012_48321_roads
tx,tl_2012_48323_roads
tx,tl_2012_48325_roads
tx,tl_2012_48327_roads
tx,tl_2012_48329_roads
tx,tl_2012_48331_roads
tx,tl_2012_48333_roads
tx,tl_2012_48335_roads
tx,tl_2012_48337_roads
tx,tl_2012_48339_roads
tx,tl_2012_48341_roads
tx,tl_2012_48343_roads
tx,tl_2012_48345_roads
tx,tl_2012_48347_roads
tx,tl_2012_48349_roads
tx,tl_2012_48351_roads
tx,tl_2012_48353_roads
tx,tl_2012_48355_roads
tx,tl_2012_48357_roads
tx,tl_2012_48359_roads
tx,tl_2012_48361_roads
tx,tl_2012_48363_roads
tx,tl_2012_48365_roads
tx,tl_2012_48367_roads
tx,tl_2012_48369_roads
tx,tl_2012_48371_roads
tx,tl_2012_48373_roads
tx,tl_2012_48375_roads
tx,tl_2012_48377_roads
tx,tl_2012_48379_roads
tx,tl_2012_48381_roads
tx,tl_2012_48383_roads
tx,tl_2012_48385_roads
tx,tl_2012_48387_roads
tx,tl_2012_48389_roads
tx,tl_2012_48391_roads
tx,tl_2012_48393_roads
tx,tl_2012_48395_roads
tx,tl_2012_48397_roads
tx,tl_2012_48399_roads
tx,tl_2012_48401_roads
tx,tl_2012_48403_roads
tx,tl_2012_48405_roads
tx,tl_2012_48407_roads
tx,tl_2012_48409_roads
tx,tl_2012_48411_roads
tx,tl_2012_48413_roads
tx,tl_2012_48415_roads
tx,tl_2012_48417_roads
tx,tl_2012_48419_roads
tx,tl_2012_48421_roads
tx,tl_2012_48423_roads
tx,tl_2012_48425_roads
tx,tl_2012_48427_roads
tx,tl_2012_48429_roads
tx,tl_2012_48431_roads
tx,tl_2012_48433_roads
tx,tl_2012_48435_roads
tx,tl_2012_48437_roads
tx,tl_2012_48439_roads
tx,tl_2012_48441_roads
tx,tl_2012_48443_roads
tx,tl_2012_48445_roads
tx,tl_2012_48447_roads
tx,tl_2012_48449_roads
tx,tl_2012_48451_roads
tx,tl_2012_48453_roads
tx,tl_2012_48455_roads
tx,tl_2012_48457_roads
tx,tl_2012_48459_roads
tx,tl_2012_48461_roads
tx,tl_2012_48463_roads
tx,tl_2012_48465_roads
tx,tl_2012_48467_roads
tx,tl_2012_48469_roads
tx,tl_2012_48471_roads
tx,tl_2012_48473_roads
tx,tl_2012_48475_roads
tx,tl_2012_48477_roads
tx,tl_2012_48479_roads
tx,tl_2012_48481_roads
tx,tl_2012_48483_roads
tx,tl_2012_48485_roads
tx,tl_2012_48487_roads
tx,tl_2012_48489_roads
tx,tl_2012_48491_roads
tx,tl_2012_48493_roads
tx,tl_2012_48495_roads
tx,tl_2012_48497_roads
tx,tl_2012_48499_roads
tx,tl_2012_48501_roads
tx,tl_2012_48503_roads
tx,tl_2012_48505_roads
tx,tl_2012_48507_roads
ut,tl_2012_49001_roads
ut,tl_2012_49003_roads
ut,tl_2012_49005_roads
ut,tl_2012_49007_roads
ut,tl_2012_49009_roads
ut,tl_2012_49011_roads
ut,tl_2012_49013_roads
ut,tl_2012_49015_roads
ut,tl_2012_49017_roads
ut,tl_2012_49019_roads
ut,tl_2012_49021_roads
ut,tl_2012_49023_roads
ut,tl_2012_49025_roads
ut,tl_2012_49027_roads
ut,tl_2012_49029_roads
ut,tl_2012_49031_roads
ut,tl_2012_49033_roads
ut,tl_2012_49035_roads
ut,tl_2012_49037_roads
ut,tl_2012_49039_roads
ut,tl_2012_49041_roads
ut,tl_2012_49043_roads
ut,tl_2012_49045_roads
ut,tl_2012_49047_roads
ut,tl_2012_49049_roads
ut,tl_2012_49051_roads
ut,tl_2012_49053_roads
ut,tl_2012_49055_roads
ut,tl_2012_49057_roads
vt,tl_2012_50001_roads
vt,tl_2012_50003_roads
vt,tl_2012_50005_roads
vt,tl_2012_50007_roads
vt,tl_2012_50009_roads
vt,tl_2012_50011_roads
vt,tl_2012_50013_roads
vt,tl_2012_50015_roads
vt,tl_2012_50017_roads
vt,tl_2012_50019_roads
vt,tl_2012_50021_roads
vt,tl_2012_50023_roads
vt,tl_2012_50025_roads
vt,tl_2012_50027_roads
va,tl_2012_51001_roads
va,tl_2012_51003_roads
va,tl_2012_51005_roads
va,tl_2012_51007_roads
va,tl_2012_51009_roads
va,tl_2012_51011_roads
va,tl_2012_51013_roads
va,tl_2012_51015_roads
va,tl_2012_51017_roads
va,tl_2012_51019_roads
va,tl_2012_51021_roads
va,tl_2012_51023_roads
va,tl_2012_51025_roads
va,tl_2012_51027_roads
va,tl_2012_51029_roads
va,tl_2012_51031_roads
va,tl_2012_51033_roads
va,tl_2012_51035_roads
va,tl_2012_51036_roads
va,tl_2012_51037_roads
va,tl_2012_51041_roads
va,tl_2012_51043_roads
va,tl_2012_51045_roads
va,tl_2012_51047_roads
va,tl_2012_51049_roads
va,tl_2012_51051_roads
va,tl_2012_51053_roads
va,tl_2012_51057_roads
va,tl_2012_51059_roads
va,tl_2012_51061_roads
va,tl_2012_51063_roads
va,tl_2012_51065_roads
va,tl_2012_51067_roads
va,tl_2012_51069_roads
va,tl_2012_51071_roads
va,tl_2012_51073_roads
va,tl_2012_51075_roads
va,tl_2012_51077_roads
va,tl_2012_51079_roads
va,tl_2012_51081_roads
va,tl_2012_51083_roads
va,tl_2012_51085_roads
va,tl_2012_51087_roads
va,tl_2012_51089_roads
va,tl_2012_51091_roads
va,tl_2012_51093_roads
va,tl_2012_51095_roads
va,tl_2012_51097_roads
va,tl_2012_51099_roads
va,tl_2012_51101_roads
va,tl_2012_51103_roads
va,tl_2012_51105_roads
va,tl_2012_51107_roads
va,tl_2012_51109_roads
va,tl_2012_51111_roads
va,tl_2012_51113_roads
va,tl_2012_51115_roads
va,tl_2012_51117_roads
va,tl_2012_51119_roads
va,tl_2012_51121_roads
va,tl_2012_51125_roads
va,tl_2012_51127_roads
va,tl_2012_51131_roads
va,tl_2012_51133_roads
va,tl_2012_51135_roads
va,tl_2012_51137_roads
va,tl_2012_51139_roads
va,tl_2012_51141_roads
va,tl_2012_51143_roads
va,tl_2012_51145_roads
va,tl_2012_51147_roads
va,tl_2012_51149_roads
va,tl_2012_51153_roads
va,tl_2012_51155_roads
va,tl_2012_51157_roads
va,tl_2012_51159_roads
va,tl_2012_51161_roads
va,tl_2012_51163_roads
va,tl_2012_51165_roads
va,tl_2012_51167_roads
va,tl_2012_51169_roads
va,tl_2012_51171_roads
va,tl_2012_51173_roads
va,tl_2012_51175_roads
va,tl_2012_51177_roads
va,tl_2012_51179_roads
va,tl_2012_51181_roads
va,tl_2012_51183_roads
va,tl_2012_51185_roads
va,tl_2012_51187_roads
va,tl_2012_51191_roads
va,tl_2012_51193_roads
va,tl_2012_51195_roads
va,tl_2012_51197_roads
va,tl_2012_51199_roads
va,tl_2012_51510_roads
va,tl_2012_51515_roads
va,tl_2012_51520_roads
va,tl_2012_51530_roads
va,tl_2012_51540_roads
va,tl_2012_51550_roads
va,tl_2012_51570_roads
va,tl_2012_51580_roads
va,tl_2012_51590_roads
va,tl_2012_51595_roads
va,tl_2012_51600_roads
va,tl_2012_51610_roads
va,tl_2012_51620_roads
va,tl_2012_51630_roads
va,tl_2012_51640_roads
va,tl_2012_51650_roads
va,tl_2012_51660_roads
va,tl_2012_51670_roads
va,tl_2012_51678_roads
va,tl_2012_51680_roads
va,tl_2012_51683_roads
va,tl_2012_51685_roads
va,tl_2012_51690_roads
va,tl_2012_51700_roads
va,tl_2012_51710_roads
va,tl_2012_51720_roads
va,tl_2012_51730_roads
va,tl_2012_51735_roads
va,tl_2012_51740_roads
va,tl_2012_51750_roads
va,tl_2012_51760_roads
va,tl_2012_51770_roads
va,tl_2012_51775_roads
va,tl_2012_51790_roads
va,tl_2012_51800_roads
va,tl_2012_51810_roads
va,tl_2012_51820_roads
va,tl_2012_51830_roads
va,tl_2012_51840_roads
wa,tl_2012_53001_roads
wa,tl_2012_53003_roads
wa,tl_2012_53005_roads
wa,tl_2012_53007_roads
wa,tl_2012_53009_roads
wa,tl_2012_53011_roads
wa,tl_2012_53013_roads
wa,tl_2012_53015_roads
wa,tl_2012_53017_roads
wa,tl_2012_53019_roads
wa,tl_2012_53021_roads
wa,tl_2012_53023_roads
wa,tl_2012_53025_roads
wa,tl_2012_53027_roads
wa,tl_2012_53029_roads
wa,tl_2012_53031_roads
wa,tl_2012_53033_roads
wa,tl_2012_53035_roads
wa,tl_2012_53037_roads
wa,tl_2012_53039_roads
wa,tl_2012_53041_roads
wa,tl_2012_53043_roads
wa,tl_2012_53045_roads
wa,tl_2012_53047_roads
wa,tl_2012_53049_roads
wa,tl_2012_53051_roads
wa,tl_2012_53053_roads
wa,tl_2012_53055_roads
wa,tl_2012_53057_roads
wa,tl_2012_53059_roads
wa,tl_2012_53061_roads
wa,tl_2012_53063_roads
wa,tl_2012_53065_roads
wa,tl_2012_53067_roads
wa,tl_2012_53069_roads
wa,tl_2012_53071_roads
wa,tl_2012_53073_roads
wa,tl_2012_53075_roads
wa,tl_2012_53077_roads
wv,tl_2012_54001_roads
wv,tl_2012_54003_roads
wv,tl_2012_54005_roads
wv,tl_2012_54007_roads
wv,tl_2012_54009_roads
wv,tl_2012_54011_roads
wv,tl_2012_54013_roads
wv,tl_2012_54015_roads
wv,tl_2012_54017_roads
wv,tl_2012_54019_roads
wv,tl_2012_54021_roads
wv,tl_2012_54023_roads
wv,tl_2012_54025_roads
wv,tl_2012_54027_roads
wv,tl_2012_54029_roads
wv,tl_2012_54031_roads
wv,tl_2012_54033_roads
wv,tl_2012_54035_roads
wv,tl_2012_54037_roads
wv,tl_2012_54039_roads
wv,tl_2012_54041_roads
wv,tl_2012_54043_roads
wv,tl_2012_54045_roads
wv,tl_2012_54047_roads
wv,tl_2012_54049_roads
wv,tl_2012_54051_roads
wv,tl_2012_54053_roads
wv,tl_2012_54055_roads
wv,tl_2012_54057_roads
wv,tl_2012_54059_roads
wv,tl_2012_54061_roads
wv,tl_2012_54063_roads
wv,tl_2012_54065_roads
wv,tl_2012_54067_roads
wv,tl_2012_54069_roads
wv,tl_2012_54071_roads
wv,tl_2012_54073_roads
wv,tl_2012_54075_roads
wv,tl_2012_54077_roads
wv,tl_2012_54079_roads
wv,tl_2012_54081_roads
wv,tl_2012_54083_roads
wv,tl_2012_54085_roads
wv,tl_2012_54087_roads
wv,tl_2012_54089_roads
wv,tl_2012_54091_roads
wv,tl_2012_54093_roads
wv,tl_2012_54095_roads
wv,tl_2012_54097_roads
wv,tl_2012_54099_roads
wv,tl_2012_54101_roads
wv,tl_2012_54103_roads
wv,tl_2012_54105_roads
wv,tl_2012_54107_roads
wv,tl_2012_54109_roads
wi,tl_2012_55001_roads
wi,tl_2012_55003_roads
wi,tl_2012_55005_roads
wi,tl_2012_55007_roads
wi,tl_2012_55009_roads
wi,tl_2012_55011_roads
wi,tl_2012_55013_roads
wi,tl_2012_55015_roads
wi,tl_2012_55017_roads
wi,tl_2012_55019_roads
wi,tl_2012_55021_roads
wi,tl_2012_55023_roads
wi,tl_2012_55025_roads
wi,tl_2012_55027_roads
wi,tl_2012_55029_roads
wi,tl_2012_55031_roads
wi,tl_2012_55033_roads
wi,tl_2012_55035_roads
wi,tl_2012_55037_roads
wi,tl_2012_55039_roads
wi,tl_2012_55041_roads
wi,tl_2012_55043_roads
wi,tl_2012_55045_roads
wi,tl_2012_55047_roads
wi,tl_2012_55049_roads
wi,tl_2012_55051_roads
wi,tl_2012_55053_roads
wi,tl_2012_55055_roads
wi,tl_2012_55057_roads
wi,tl_2012_55059_roads
wi,tl_2012_55061_roads
wi,tl_2012_55063_roads
wi,tl_2012_55065_roads
wi,tl_2012_55067_roads
wi,tl_2012_55069_roads
wi,tl_2012_55071_roads
wi,tl_2012_55073_roads
wi,tl_2012_55075_roads
wi,tl_2012_55077_roads
wi,tl_2012_55078_roads
wi,tl_2012_55079_roads
wi,tl_2012_55081_roads
wi,tl_2012_55083_roads
wi,tl_2012_55085_roads
wi,tl_2012_55087_roads
wi,tl_2012_55089_roads
wi,tl_2012_55091_roads
wi,tl_2012_55093_roads
wi,tl_2012_55095_roads
wi,tl_2012_55097_roads
wi,tl_2012_55099_roads
wi,tl_2012_55101_roads
wi,tl_2012_55103_roads
wi,tl_2012_55105_roads
wi,tl_2012_55107_roads
wi,tl_2012_55109_roads
wi,tl_2012_55111_roads
wi,tl_2012_55113_roads
wi,tl_2012_55115_roads
wi,tl_2012_55117_roads
wi,tl_2012_55119_roads
wi,tl_2012_55121_roads
wi,tl_2012_55123_roads
wi,tl_2012_55125_roads
wi,tl_2012_55127_roads
wi,tl_2012_55129_roads
wi,tl_2012_55131_roads
wi,tl_2012_55133_roads
wi,tl_2012_55135_roads
wi,tl_2012_55137_roads
wi,tl_2012_55139_roads
wi,tl_2012_55141_roads
wy,tl_2012_56001_roads
wy,tl_2012_56003_roads
wy,tl_2012_56005_roads
wy,tl_2012_56007_roads
wy,tl_2012_56009_roads
wy,tl_2012_56011_roads
wy,tl_2012_56013_roads
wy,tl_2012_56015_roads
wy,tl_2012_56017_roads
wy,tl_2012_56019_roads
wy,tl_2012_56021_roads
wy,tl_2012_56023_roads
wy,tl_2012_56025_roads
wy,tl_2012_56027_roads
wy,tl_2012_56029_roads
wy,tl_2012_56031_roads
wy,tl_2012_56033_roads
wy,tl_2012_56035_roads
wy,tl_2012_56037_roads
wy,tl_2012_56039_roads
wy,tl_2012_56041_roads
wy,tl_2012_56043_roads
wy,tl_2012_56045_roads
as,tl_2012_60010_roads
as,tl_2012_60020_roads
as,tl_2012_60040_roads
as,tl_2012_60050_roads
gu,tl_2012_66010_roads
nmi,tl_2012_69100_roads
nmi,tl_2012_69110_roads
nmi,tl_2012_69120_roads
pr,tl_2012_72001_roads
pr,tl_2012_72003_roads
pr,tl_2012_72005_roads
pr,tl_2012_72007_roads
pr,tl_2012_72009_roads
pr,tl_2012_72011_roads
pr,tl_2012_72013_roads
pr,tl_2012_72015_roads
pr,tl_2012_72017_roads
pr,tl_2012_72019_roads
pr,tl_2012_72021_roads
pr,tl_2012_72023_roads
pr,tl_2012_72025_roads
pr,tl_2012_72027_roads
pr,tl_2012_72029_roads
pr,tl_2012_72031_roads
pr,tl_2012_72033_roads
pr,tl_2012_72035_roads
pr,tl_2012_72037_roads
pr,tl_2012_72039_roads
pr,tl_2012_72041_roads
pr,tl_2012_72043_roads
pr,tl_2012_72045_roads
pr,tl_2012_72047_roads
pr,tl_2012_72049_roads
pr,tl_2012_72051_roads
pr,tl_2012_72053_roads
pr,tl_2012_72054_roads
pr,tl_2012_72055_roads
pr,tl_2012_72057_roads
pr,tl_2012_72059_roads
pr,tl_2012_72061_roads
pr,tl_2012_72063_roads
pr,tl_2012_72065_roads
pr,tl_2012_72067_roads
pr,tl_2012_72069_roads
pr,tl_2012_72071_roads
pr,tl_2012_72073_roads
pr,tl_2012_72075_roads
pr,tl_2012_72077_roads
pr,tl_2012_72079_roads
pr,tl_2012_72081_roads
pr,tl_2012_72083_roads
pr,tl_2012_72085_roads
pr,tl_2012_72087_roads
pr,tl_2012_72089_roads
pr,tl_2012_72091_roads
pr,tl_2012_72093_roads
pr,tl_2012_72095_roads
pr,tl_2012_72097_roads
pr,tl_2012_72099_roads
pr,tl_2012_72101_roads
pr,tl_2012_72103_roads
pr,tl_2012_72105_roads
pr,tl_2012_72107_roads
pr,tl_2012_72109_roads
pr,tl_2012_72111_roads
pr,tl_2012_72113_roads
pr,tl_2012_72115_roads
pr,tl_2012_72117_roads
pr,tl_2012_72119_roads
pr,tl_2012_72121_roads
pr,tl_2012_72123_roads
pr,tl_2012_72125_roads
pr,tl_2012_72127_roads
pr,tl_2012_72129_roads
pr,tl_2012_72131_roads
pr,tl_2012_72133_roads
pr,tl_2012_72135_roads
pr,tl_2012_72137_roads
pr,tl_2012_72139_roads
pr,tl_2012_72141_roads
pr,tl_2012_72143_roads
pr,tl_2012_72145_roads
pr,tl_2012_72147_roads
pr,tl_2012_72149_roads
pr,tl_2012_72151_roads
pr,tl_2012_72153_roads
vi,tl_2012_78010_roads
vi,tl_2012_78020_roads
vi,tl_2012_78030_roads